event_name,event_dates,company_name,company_short_name,company_russian_name,products,country,city,address,stand,pavilion,rubrics,product_notes,brands,website,public_email,public_phone,source_url,source_pdf_url,source_pdf_page,exhibitor_id,alpha_filter,evidence_snippet,parse_status,missing_fields,scraped_at,parser_version,short_name_check,products_check,qa_notes,signo_status,repeat_reason,matched_crm_email,matched_crm_domain,matched_crm_company,candidate_emails,candidate_top_domains,source_sheet,source_removed_reason,website_email_status,website_email_source_url,website_email_notes,main email,main_email_reason
Обувь. Мир кожи 2026. Осень,13–15 октября 2026,ACCADEMIA OF VENICE,АККАДЕМИЯ ОФ ВЕНИС,АККАДЕМИЯ ОФ ВЕНИС,обувь; сумки; кожгалантерея; аксессуары; изделия из кожи,Италия T: +39 0414165342 info@accademiashoes.it,Москва,,2D20,Экспоцентр,обувь; сумки; кожгалантерея; аксессуары; изделия из кожи,,ACCADEMIA OF VENICE,,info@accademiashoes.it,,https://www.obuv-expo.ru/ru/exhibition/exhibitors/,https://www.obuv-expo.ru/common/img/uploaded/exhibitions/obuv_mir_kozhi/2026/doc/OBUV_Catalogo_10_26.pdf,12-20,obuv-mir-kozhi-autumn-2026-row-001,keep,Official PDF row 1: ACCADEMIA OF VENICE / АККАДЕМИЯ ОФ ВЕНИС; country=Италия T: +39 0414165342 info@accademiashoes.it; stand=2D20; PDF=OBUV_Catalogo_10_26.pdf; source updated 01.10.2026,ok,website; per_company_product_description,2026-10-05T08:37:46Z,obuv-mir-kozhi-autumn-2026-official-pdf-signo-v1.0.2,ok,ok,Kept as Signo-relevant official exhibitor from the Moscow/Russian-market Obuv. Mir Kozhi autumn 2026 catalogue. Products are normalized to Russian product/category terms from catalogue evidence or event category when per-company description is blank.,new,no email/domain/company match in read-only Twenty repeat index,,,,info@accademiashoes.it,accademiashoes.it,official_pdf_alphabetical_exhibitors,,not_attempted_pdf_contacts_present,https://www.obuv-expo.ru/common/img/uploaded/exhibitions/obuv_mir_kozhi/2026/doc/OBUV_Catalogo_10_26.pdf,Official PDF already exposes public email/website where available; no authenticated enrichment or Coldy access used.,info@accademiashoes.it,first public email from official PDF
Обувь. Мир кожи 2026. Осень,13–15 октября 2026,ALMA EN PENA,АЛЬМА ЭН ПЕНА,АЛЬМА ЭН ПЕНА,женская обувь; обувь,Испания T: +34 916658462 gestion@almaenpena.es Female shoes Женская обувь,Москва,,2A30,Экспоцентр,обувь; сумки; кожгалантерея; аксессуары; изделия из кожи,Женская обувь,ALMA EN PENA,,gestion@almaenpena.es,,https://www.obuv-expo.ru/ru/exhibition/exhibitors/,https://www.obuv-expo.ru/common/img/uploaded/exhibitions/obuv_mir_kozhi/2026/doc/OBUV_Catalogo_10_26.pdf,12-20,obuv-mir-kozhi-autumn-2026-row-002,keep,Official PDF row 2: ALMA EN PENA / АЛЬМА ЭН ПЕНА; country=Испания T: +34 916658462 gestion@almaenpena.es Female shoes Женская обувь; stand=2A30; PDF=OBUV_Catalogo_10_26.pdf; source updated 01.10.2026,ok,website,2026-10-05T08:37:46Z,obuv-mir-kozhi-autumn-2026-official-pdf-signo-v1.0.2,ok,ok,Kept as Signo-relevant official exhibitor from the Moscow/Russian-market Obuv. Mir Kozhi autumn 2026 catalogue. Products are normalized to Russian product/category terms from catalogue evidence or event category when per-company description is blank.,new,no email/domain/company match in read-only Twenty repeat index,,,,gestion@almaenpena.es,almaenpena.es,official_pdf_alphabetical_exhibitors,,not_attempted_pdf_contacts_present,https://www.obuv-expo.ru/common/img/uploaded/exhibitions/obuv_mir_kozhi/2026/doc/OBUV_Catalogo_10_26.pdf,Official PDF already exposes public email/website where available; no authenticated enrichment or Coldy access used.,gestion@almaenpena.es,first public email from official PDF
Обувь. Мир кожи 2026. Осень,13–15 октября 2026,ANEKKE,АНЕККЕ,АНЕККЕ,женская обувь; обувь; аксессуары,"Испания T: +34 966299139 F: +34 966299139 sales@azzargroup.com Anekke is the flagship brand of Azzar Group, founded in Alicante, Spain. The brand designs and produces sustainable eco-leather goods, accessories, footwear, and clothing for today's women. Guided by strong feminine values, Anekke proudly embraces these principles as the core of its identify Анекке - передовой бренд Г руппы Адзар из Аликанте. Фирма разрабатывает и продает товары из экологичной кожи: аксессуары, обувь и одежду для современных женщин. Бренд вдохновлен сильными женскими ценностями, которые Анекке ставит на первое место",Москва,,2A25,Экспоцентр,обувь; сумки; кожгалантерея; аксессуары; изделия из кожи,"Анекке - передовой бренд Г руппы Адзар из Аликанте. Фирма разрабатывает и продает товары из экологичной кожи: аксессуары, обувь и одежду для современных женщин. Бренд вдохновлен сильными женскими ценностями, которые Анекке ставит на первое место",ANEKKE,,sales@azzargroup.com,,https://www.obuv-expo.ru/ru/exhibition/exhibitors/,https://www.obuv-expo.ru/common/img/uploaded/exhibitions/obuv_mir_kozhi/2026/doc/OBUV_Catalogo_10_26.pdf,12-20,obuv-mir-kozhi-autumn-2026-row-003,keep,"Official PDF row 3: ANEKKE / АНЕККЕ; country=Испания T: +34 966299139 F: +34 966299139 sales@azzargroup.com Anekke is the flagship brand of Azzar Group, founded in Alicante, Spain. The brand designs and produces sustainable eco-leather goods, accessories, footwear, and clothing for today's women. Guided by strong feminine values, Anekke proudly embraces these principles as the core of its identify Анекке - передовой бренд Г руппы Адзар из Аликанте. Фирма разрабатывает и продает товары из экологичной кожи: аксессуары, обувь и одежду для современных женщин. Бренд вдохновлен сильными женскими ценностями, которые Анекке ставит на первое место; stand=2A25; PDF=OBUV_Catalogo_10_26.pdf; source updated 01.10.2026",ok,website,2026-10-05T08:37:46Z,obuv-mir-kozhi-autumn-2026-official-pdf-signo-v1.0.2,ok,ok,Kept as Signo-relevant official exhibitor from the Moscow/Russian-market Obuv. Mir Kozhi autumn 2026 catalogue. Products are normalized to Russian product/category terms from catalogue evidence or event category when per-company description is blank.,new,no email/domain/company match in read-only Twenty repeat index,,,,sales@azzargroup.com,azzargroup.com,official_pdf_alphabetical_exhibitors,,not_attempted_pdf_contacts_present,https://www.obuv-expo.ru/common/img/uploaded/exhibitions/obuv_mir_kozhi/2026/doc/OBUV_Catalogo_10_26.pdf,Official PDF already exposes public email/website where available; no authenticated enrichment or Coldy access used.,sales@azzargroup.com,first public email from official PDF
Обувь. Мир кожи 2026. Осень,13–15 октября 2026,ARCADIA,АРКАДИА,АРКАДИА,сумки и багаж; аксессуары,Италия T: +39 086183275 b2b@arcadiabags.com Handbags and accessories made in Italy Сумки и аксессуары Сделано в Италии,Москва,,2C44,Экспоцентр,обувь; сумки; кожгалантерея; аксессуары; изделия из кожи,Сумки и аксессуары Сделано в Италии,ARCADIA,,b2b@arcadiabags.com,,https://www.obuv-expo.ru/ru/exhibition/exhibitors/,https://www.obuv-expo.ru/common/img/uploaded/exhibitions/obuv_mir_kozhi/2026/doc/OBUV_Catalogo_10_26.pdf,12-20,obuv-mir-kozhi-autumn-2026-row-004,keep,Official PDF row 4: ARCADIA / АРКАДИА; country=Италия T: +39 086183275 b2b@arcadiabags.com Handbags and accessories made in Italy Сумки и аксессуары Сделано в Италии; stand=2C44; PDF=OBUV_Catalogo_10_26.pdf; source updated 01.10.2026,ok,website,2026-10-05T08:37:46Z,obuv-mir-kozhi-autumn-2026-official-pdf-signo-v1.0.2,ok,ok,Kept as Signo-relevant official exhibitor from the Moscow/Russian-market Obuv. Mir Kozhi autumn 2026 catalogue. Products are normalized to Russian product/category terms from catalogue evidence or event category when per-company description is blank.,new,no email/domain/company match in read-only Twenty repeat index,,,,b2b@arcadiabags.com,arcadiabags.com,official_pdf_alphabetical_exhibitors,,not_attempted_pdf_contacts_present,https://www.obuv-expo.ru/common/img/uploaded/exhibitions/obuv_mir_kozhi/2026/doc/OBUV_Catalogo_10_26.pdf,Official PDF already exposes public email/website where available; no authenticated enrichment or Coldy access used.,b2b@arcadiabags.com,first public email from official PDF
Обувь. Мир кожи 2026. Осень,13–15 октября 2026,BRACCIALINI,ДК ФЭШН ГРУП,ООО ДК ФЭШН ГРУП,обувь; аксессуары,Россия T: +7-977-538-19-80 ddarskiy@justcouture.ru https://www.icfashion.ru European shoes and accessorize wholesale brands Оптовая продажа обуви и аксессуаров европейских брендов,Москва,,1A02,Экспоцентр,обувь; сумки; кожгалантерея; аксессуары; изделия из кожи,Оптовая продажа обуви и аксессуаров европейских брендов,BRACCIALINI,https://www.icfashion.ru,ddarskiy@justcouture.ru,,https://www.obuv-expo.ru/ru/exhibition/exhibitors/,https://www.obuv-expo.ru/common/img/uploaded/exhibitions/obuv_mir_kozhi/2026/doc/OBUV_Catalogo_10_26.pdf,12-20,obuv-mir-kozhi-autumn-2026-row-005,keep,Official PDF row 5: BRACCIALINI / ООО ДК ФЭШН ГРУП; country=Россия T: +7-977-538-19-80 ddarskiy@justcouture.ru https://www.icfashion.ru European shoes and accessorize wholesale brands Оптовая продажа обуви и аксессуаров европейских брендов; stand=1A02; PDF=OBUV_Catalogo_10_26.pdf; source updated 01.10.2026,ok,,2026-10-05T08:37:46Z,obuv-mir-kozhi-autumn-2026-official-pdf-signo-v1.0.2,ok,ok,Kept as Signo-relevant official exhibitor from the Moscow/Russian-market Obuv. Mir Kozhi autumn 2026 catalogue. Products are normalized to Russian product/category terms from catalogue evidence or event category when per-company description is blank.,new,no email/domain/company match in read-only Twenty repeat index,,,,ddarskiy@justcouture.ru,icfashion.ru; justcouture.ru,official_pdf_alphabetical_exhibitors,,not_attempted_pdf_contacts_present,https://www.obuv-expo.ru/common/img/uploaded/exhibitions/obuv_mir_kozhi/2026/doc/OBUV_Catalogo_10_26.pdf,Official PDF already exposes public email/website where available; no authenticated enrichment or Coldy access used.,ddarskiy@justcouture.ru,first public email from official PDF
Обувь. Мир кожи 2026. Осень,13–15 октября 2026,CARLO SALV ATELLI,КАРЛО САЛЬВАТЕЛЛИ,КАРЛО САЛЬВАТЕЛЛИ,кожгалантерея,"Италия T: +39 0734889263 info@carlosalvatelli.it Carlo Salvatelli is an Italian leather goods company specialized in the production of high-quality handbags and small leather accessories. We combine traditional craftsmanship with contemporary design, using selected Italian leathers and refined handmade details. Our collections are entirely Made in Italy and developed for international B2B and fashion retail markets Итальянская фирма кожгалантереи Карло Сальвателли специализируется на производстве высококачественных сумок и мелкой кожгалантереи. Мы сочетаем традиционные ремесленные методы с современным дизайном, используя отборную итальянскую кожу и изысканные детали ручной работы. Наши коллекции полностью Сделано в Италии и предназначены для международного сегмента В2В и рынка ритейла моды",Москва,,2B62,Экспоцентр,обувь; сумки; кожгалантерея; аксессуары; изделия из кожи,"Итальянская фирма кожгалантереи Карло Сальвателли специализируется на производстве высококачественных сумок и мелкой кожгалантереи. Мы сочетаем традиционные ремесленные методы с современным дизайном, используя отборную итальянскую кожу и изысканные детали ручной работы. Наши коллекции полностью Сделано в Италии и предназначены для международного сегмента В2В и рынка ритейла моды",CARLO SALV ATELLI,,info@carlosalvatelli.it,,https://www.obuv-expo.ru/ru/exhibition/exhibitors/,https://www.obuv-expo.ru/common/img/uploaded/exhibitions/obuv_mir_kozhi/2026/doc/OBUV_Catalogo_10_26.pdf,12-20,obuv-mir-kozhi-autumn-2026-row-006,keep,"Official PDF row 6: CARLO SALV ATELLI / КАРЛО САЛЬВАТЕЛЛИ; country=Италия T: +39 0734889263 info@carlosalvatelli.it Carlo Salvatelli is an Italian leather goods company specialized in the production of high-quality handbags and small leather accessories. We combine traditional craftsmanship with contemporary design, using selected Italian leathers and refined handmade details. Our collections are entirely Made in Italy and developed for international B2B and fashion retail markets Итальянская фирма кожгалантереи Карло Сальвателли специализируется на производстве высококачественных сумок и мелкой кожгалантереи. Мы сочетаем традиционные ремесленные методы с современным дизайном, используя отборную итальянскую кожу и изысканные детали ручной работы. Наши коллекции полностью Сделано в Италии и предназначены для международного сегмента В2В и рынка ритейла моды; stand=2B62; PDF=OBUV_Catalogo_10_26.pdf; source updated 01.10.2026",ok,website,2026-10-05T08:37:46Z,obuv-mir-kozhi-autumn-2026-official-pdf-signo-v1.0.2,ok,ok,Kept as Signo-relevant official exhibitor from the Moscow/Russian-market Obuv. Mir Kozhi autumn 2026 catalogue. Products are normalized to Russian product/category terms from catalogue evidence or event category when per-company description is blank.,new,no email/domain/company match in read-only Twenty repeat index,,,,info@carlosalvatelli.it,carlosalvatelli.it,official_pdf_alphabetical_exhibitors,,not_attempted_pdf_contacts_present,https://www.obuv-expo.ru/common/img/uploaded/exhibitions/obuv_mir_kozhi/2026/doc/OBUV_Catalogo_10_26.pdf,Official PDF already exposes public email/website where available; no authenticated enrichment or Coldy access used.,info@carlosalvatelli.it,first public email from official PDF
Обувь. Мир кожи 2026. Осень,13–15 октября 2026,CESARE CASADEI,ЧЕЗАРЕ КАЗАДЕИ,ЧЕЗАРЕ КАЗАДЕИ,обувь; сумки; кожгалантерея; аксессуары; изделия из кожи,Италия T: +39 0541933652 info@casadei.com,Москва,,2B12,Экспоцентр,обувь; сумки; кожгалантерея; аксессуары; изделия из кожи,,CESARE CASADEI,,info@casadei.com,,https://www.obuv-expo.ru/ru/exhibition/exhibitors/,https://www.obuv-expo.ru/common/img/uploaded/exhibitions/obuv_mir_kozhi/2026/doc/OBUV_Catalogo_10_26.pdf,12-20,obuv-mir-kozhi-autumn-2026-row-007,keep,Official PDF row 7: CESARE CASADEI / ЧЕЗАРЕ КАЗАДЕИ; country=Италия T: +39 0541933652 info@casadei.com; stand=2B12; PDF=OBUV_Catalogo_10_26.pdf; source updated 01.10.2026,ok,website; per_company_product_description,2026-10-05T08:37:46Z,obuv-mir-kozhi-autumn-2026-official-pdf-signo-v1.0.2,ok,ok,Kept as Signo-relevant official exhibitor from the Moscow/Russian-market Obuv. Mir Kozhi autumn 2026 catalogue. Products are normalized to Russian product/category terms from catalogue evidence or event category when per-company description is blank.,new,no email/domain/company match in read-only Twenty repeat index,,,,info@casadei.com,casadei.com,official_pdf_alphabetical_exhibitors,,not_attempted_pdf_contacts_present,https://www.obuv-expo.ru/common/img/uploaded/exhibitions/obuv_mir_kozhi/2026/doc/OBUV_Catalogo_10_26.pdf,Official PDF already exposes public email/website where available; no authenticated enrichment or Coldy access used.,info@casadei.com,first public email from official PDF
Обувь. Мир кожи 2026. Осень,13–15 октября 2026,CROMIA,КРОМИА,КРОМИА,сумки и багаж; кошельки; ремни; изделия из кожи и экокожи,"Россия T: +7-495-269-20-41 luca.05@mail.ru High quality leather, ecoleather and textile bags for women. Classic, elegant and sports styles. Belts. Purses. Сумки из кожи, экокожи и текстиля, высокого качества, для женщин классического, молодежного и спортивного стилей. Ремни. Кошельки.",Москва,,1A01,Экспоцентр,обувь; сумки; кожгалантерея; аксессуары; изделия из кожи,"Сумки из кожи, экокожи и текстиля, высокого качества, для женщин классического, молодежного и спортивного стилей. Ремни. Кошельки.",CROMIA,,luca.05@mail.ru,,https://www.obuv-expo.ru/ru/exhibition/exhibitors/,https://www.obuv-expo.ru/common/img/uploaded/exhibitions/obuv_mir_kozhi/2026/doc/OBUV_Catalogo_10_26.pdf,12-20,obuv-mir-kozhi-autumn-2026-row-008,keep,"Official PDF row 8: CROMIA / КРОМИА; country=Россия T: +7-495-269-20-41 luca.05@mail.ru High quality leather, ecoleather and textile bags for women. Classic, elegant and sports styles. Belts. Purses. Сумки из кожи, экокожи и текстиля, высокого качества, для женщин классического, молодежного и спортивного стилей. Ремни. Кошельки.; stand=1A01; PDF=OBUV_Catalogo_10_26.pdf; source updated 01.10.2026",ok,website,2026-10-05T08:37:46Z,obuv-mir-kozhi-autumn-2026-official-pdf-signo-v1.0.2,ok,ok,Kept as Signo-relevant official exhibitor from the Moscow/Russian-market Obuv. Mir Kozhi autumn 2026 catalogue. Products are normalized to Russian product/category terms from catalogue evidence or event category when per-company description is blank.,new,no email/domain/company match in read-only Twenty repeat index,,,,luca.05@mail.ru,,official_pdf_alphabetical_exhibitors,,not_attempted_pdf_contacts_present,https://www.obuv-expo.ru/common/img/uploaded/exhibitions/obuv_mir_kozhi/2026/doc/OBUV_Catalogo_10_26.pdf,Official PDF already exposes public email/website where available; no authenticated enrichment or Coldy access used.,luca.05@mail.ru,first public email from official PDF
Обувь. Мир кожи 2026. Осень,13–15 октября 2026,DI GREGORIO,ДИ ГРЕГОРИО,ДИ ГРЕГОРИО,обувь; сумки; кожгалантерея; аксессуары; изделия из кожи,Италия T: +39 0861713826 segreteria@digregorio.it,Москва,,2B01,Экспоцентр,обувь; сумки; кожгалантерея; аксессуары; изделия из кожи,,DI GREGORIO,,segreteria@digregorio.it,,https://www.obuv-expo.ru/ru/exhibition/exhibitors/,https://www.obuv-expo.ru/common/img/uploaded/exhibitions/obuv_mir_kozhi/2026/doc/OBUV_Catalogo_10_26.pdf,12-20,obuv-mir-kozhi-autumn-2026-row-009,keep,Official PDF row 9: DI GREGORIO / ДИ ГРЕГОРИО; country=Италия T: +39 0861713826 segreteria@digregorio.it; stand=2B01; PDF=OBUV_Catalogo_10_26.pdf; source updated 01.10.2026,ok,website; per_company_product_description,2026-10-05T08:37:46Z,obuv-mir-kozhi-autumn-2026-official-pdf-signo-v1.0.2,ok,ok,Kept as Signo-relevant official exhibitor from the Moscow/Russian-market Obuv. Mir Kozhi autumn 2026 catalogue. Products are normalized to Russian product/category terms from catalogue evidence or event category when per-company description is blank.,new,no email/domain/company match in read-only Twenty repeat index,,,,segreteria@digregorio.it,digregorio.it,official_pdf_alphabetical_exhibitors,,not_attempted_pdf_contacts_present,https://www.obuv-expo.ru/common/img/uploaded/exhibitions/obuv_mir_kozhi/2026/doc/OBUV_Catalogo_10_26.pdf,Official PDF already exposes public email/website where available; no authenticated enrichment or Coldy access used.,segreteria@digregorio.it,first public email from official PDF
Обувь. Мир кожи 2026. Осень,13–15 октября 2026,DINO BIGIONI,ДИНО БИДЖОНИ,ДИНО БИДЖОНИ,женская обувь; мужская обувь; обувь,Италия T: +39 0734891259 info@bigioni1969.it Man and woman shoes - Made in Italy Мужская и женская обувь - Сделано в Италии,Москва,,2D45,Экспоцентр,обувь; сумки; кожгалантерея; аксессуары; изделия из кожи,Мужская и женская обувь - Сделано в Италии,DINO BIGIONI,,info@bigioni1969.it,,https://www.obuv-expo.ru/ru/exhibition/exhibitors/,https://www.obuv-expo.ru/common/img/uploaded/exhibitions/obuv_mir_kozhi/2026/doc/OBUV_Catalogo_10_26.pdf,12-20,obuv-mir-kozhi-autumn-2026-row-010,keep,Official PDF row 10: DINO BIGIONI / ДИНО БИДЖОНИ; country=Италия T: +39 0734891259 info@bigioni1969.it Man and woman shoes - Made in Italy Мужская и женская обувь - Сделано в Италии; stand=2D45; PDF=OBUV_Catalogo_10_26.pdf; source updated 01.10.2026,ok,website,2026-10-05T08:37:46Z,obuv-mir-kozhi-autumn-2026-official-pdf-signo-v1.0.2,ok,ok,Kept as Signo-relevant official exhibitor from the Moscow/Russian-market Obuv. Mir Kozhi autumn 2026 catalogue. Products are normalized to Russian product/category terms from catalogue evidence or event category when per-company description is blank.,new,no email/domain/company match in read-only Twenty repeat index,,,,info@bigioni1969.it,bigioni1969.it,official_pdf_alphabetical_exhibitors,,not_attempted_pdf_contacts_present,https://www.obuv-expo.ru/common/img/uploaded/exhibitions/obuv_mir_kozhi/2026/doc/OBUV_Catalogo_10_26.pdf,Official PDF already exposes public email/website where available; no authenticated enrichment or Coldy access used.,info@bigioni1969.it,first public email from official PDF
Обувь. Мир кожи 2026. Осень,13–15 октября 2026,DONNA SOFT - MOT-CLE',ДОННА СОФТ - МОТ-КЛЕ,ДОННА СОФТ - МОТ-КЛЕ,обувь,"Италия Our collections are made with love in Italy. For our footwear we select best materials, the best style, the best appeal Наша коллекция сделана с любовью в Италии. Для нашей обуви мы выбираем лучшие материалы, лучший стиль, наиболее привлекательный образ",Москва,,2B55,Экспоцентр,обувь; сумки; кожгалантерея; аксессуары; изделия из кожи,"Наша коллекция сделана с любовью в Италии. Для нашей обуви мы выбираем лучшие материалы, лучший стиль, наиболее привлекательный образ",DONNA SOFT - MOT-CLE',,,,https://www.obuv-expo.ru/ru/exhibition/exhibitors/,https://www.obuv-expo.ru/common/img/uploaded/exhibitions/obuv_mir_kozhi/2026/doc/OBUV_Catalogo_10_26.pdf,12-20,obuv-mir-kozhi-autumn-2026-row-011,keep,"Official PDF row 11: DONNA SOFT - MOT-CLE' / ДОННА СОФТ - МОТ-КЛЕ; country=Италия Our collections are made with love in Italy. For our footwear we select best materials, the best style, the best appeal Наша коллекция сделана с любовью в Италии. Для нашей обуви мы выбираем лучшие материалы, лучший стиль, наиболее привлекательный образ; stand=2B55; PDF=OBUV_Catalogo_10_26.pdf; source updated 01.10.2026",ok,website; public_email,2026-10-05T08:37:46Z,obuv-mir-kozhi-autumn-2026-official-pdf-signo-v1.0.2,ok,ok,Kept as Signo-relevant official exhibitor from the Moscow/Russian-market Obuv. Mir Kozhi autumn 2026 catalogue. Products are normalized to Russian product/category terms from catalogue evidence or event category when per-company description is blank.,new,no email/domain/company match in read-only Twenty repeat index,,,,,,official_pdf_alphabetical_exhibitors,,not_attempted_no_public_website_or_email,https://www.obuv-expo.ru/common/img/uploaded/exhibitions/obuv_mir_kozhi/2026/doc/OBUV_Catalogo_10_26.pdf,Official PDF already exposes public email/website where available; no authenticated enrichment or Coldy access used.,,no public email in official PDF
Обувь. Мир кожи 2026. Осень,13–15 октября 2026,EL NATURALISTA,ЭЛЬ НАТУРАЛИСТА,ЭЛЬ НАТУРАЛИСТА,женская обувь; мужская обувь; обувь,"Испания T: +34 941403361 santos@karolinestudio.es Casual, cozy and trendy footwear for women&men best quality and comfort! Fashionable styles for cozy life and self confidence! Spanish natural, breathable original leather upper materials, branded flexible shoes and perfect fitting, unique technologies of UNISEX styles makes our footwear so loved by numerous ladies&men of different age! Элегантная и уютная женская и мужская обувь отличного качества и удобства! Модный стиль для уютной жизни и уверенности в себе! Испанские натуральные, дышащие материалы верха из натуральной кожи, фирменная гибкость и идеальная посадка, уникальные технологии стиля УНИСЕКС делают нашу обувь такой любимой многими женщинами и мужчинами разного возраста!",Москва,,2B82,Экспоцентр,обувь; сумки; кожгалантерея; аксессуары; изделия из кожи,"Элегантная и уютная женская и мужская обувь отличного качества и удобства! Модный стиль для уютной жизни и уверенности в себе! Испанские натуральные, дышащие материалы верха из натуральной кожи, фирменная гибкость и идеальная посадка, уникальные технологии стиля УНИСЕКС делают нашу обувь такой любимой многими женщинами и мужчинами разного возраста!",EL NATURALISTA,,santos@karolinestudio.es,,https://www.obuv-expo.ru/ru/exhibition/exhibitors/,https://www.obuv-expo.ru/common/img/uploaded/exhibitions/obuv_mir_kozhi/2026/doc/OBUV_Catalogo_10_26.pdf,12-20,obuv-mir-kozhi-autumn-2026-row-012,keep,"Official PDF row 12: EL NATURALISTA / ЭЛЬ НАТУРАЛИСТА; country=Испания T: +34 941403361 santos@karolinestudio.es Casual, cozy and trendy footwear for women&men best quality and comfort! Fashionable styles for cozy life and self confidence! Spanish natural, breathable original leather upper materials, branded flexible shoes and perfect fitting, unique technologies of UNISEX styles makes our footwear so loved by numerous ladies&men of different age! Элегантная и уютная женская и мужская обувь отличного качества и удобства! Модный стиль для уютной жизни и уверенности в себе! Испанские натуральные, дышащие материалы верха из натуральной кожи, фирменная гибкость и идеальная посадка, уникальные технологии стиля УНИСЕКС делают нашу обувь такой любимой многими женщинами и мужчинами разного возраста!; stand=2B82; PDF=OBUV_Catalogo_10_26.pdf; source updated 01.10.2026",ok,website,2026-10-05T08:37:46Z,obuv-mir-kozhi-autumn-2026-official-pdf-signo-v1.0.2,ok,ok,Kept as Signo-relevant official exhibitor from the Moscow/Russian-market Obuv. Mir Kozhi autumn 2026 catalogue. Products are normalized to Russian product/category terms from catalogue evidence or event category when per-company description is blank.,new,no email/domain/company match in read-only Twenty repeat index,,,,santos@karolinestudio.es,karolinestudio.es,official_pdf_alphabetical_exhibitors,,not_attempted_pdf_contacts_present,https://www.obuv-expo.ru/common/img/uploaded/exhibitions/obuv_mir_kozhi/2026/doc/OBUV_Catalogo_10_26.pdf,Official PDF already exposes public email/website where available; no authenticated enrichment or Coldy access used.,santos@karolinestudio.es,first public email from official PDF
Обувь. Мир кожи 2026. Осень,13–15 октября 2026,EMILE,ЭМИЛЬ,ЭМИЛЬ,обувь; сумки; кожгалантерея; аксессуары; изделия из кожи,Италия T: +39 0417793355,Москва,,2D50,Экспоцентр,обувь; сумки; кожгалантерея; аксессуары; изделия из кожи,,EMILE,,,,https://www.obuv-expo.ru/ru/exhibition/exhibitors/,https://www.obuv-expo.ru/common/img/uploaded/exhibitions/obuv_mir_kozhi/2026/doc/OBUV_Catalogo_10_26.pdf,12-20,obuv-mir-kozhi-autumn-2026-row-013,keep,Official PDF row 13: EMILE / ЭМИЛЬ; country=Италия T: +39 0417793355; stand=2D50; PDF=OBUV_Catalogo_10_26.pdf; source updated 01.10.2026,ok,website; public_email; per_company_product_description,2026-10-05T08:37:46Z,obuv-mir-kozhi-autumn-2026-official-pdf-signo-v1.0.2,ok,ok,Kept as Signo-relevant official exhibitor from the Moscow/Russian-market Obuv. Mir Kozhi autumn 2026 catalogue. Products are normalized to Russian product/category terms from catalogue evidence or event category when per-company description is blank.,new,no email/domain/company match in read-only Twenty repeat index,,,,,,official_pdf_alphabetical_exhibitors,,not_attempted_no_public_website_or_email,https://www.obuv-expo.ru/common/img/uploaded/exhibitions/obuv_mir_kozhi/2026/doc/OBUV_Catalogo_10_26.pdf,Official PDF already exposes public email/website where available; no authenticated enrichment or Coldy access used.,,no public email in official PDF
Обувь. Мир кожи 2026. Осень,13–15 октября 2026,ERMANNO FIRENZE,ЭРМАННО ФИРЕНЦЕ,ЭРМАННО ФИРЕНЦЕ,сумки и багаж; кошельки; изделия из кожи и экокожи,"Россия T: +7-495-269-20-42 luca.05@mail.ru High quality leather, ecoleather and textile bags for women. Classic, elegant and sports styles. Purses. Сумки из кожи, экокожи и текстиля, высокого качества, для женщин классического, молодежного испортивного стилей. Кошельки.",Москва,,1A01,Экспоцентр,обувь; сумки; кожгалантерея; аксессуары; изделия из кожи,"Сумки из кожи, экокожи и текстиля, высокого качества, для женщин классического, молодежного испортивного стилей. Кошельки.",ERMANNO FIRENZE,,luca.05@mail.ru,,https://www.obuv-expo.ru/ru/exhibition/exhibitors/,https://www.obuv-expo.ru/common/img/uploaded/exhibitions/obuv_mir_kozhi/2026/doc/OBUV_Catalogo_10_26.pdf,12-20,obuv-mir-kozhi-autumn-2026-row-014,keep,"Official PDF row 14: ERMANNO FIRENZE / ЭРМАННО ФИРЕНЦЕ; country=Россия T: +7-495-269-20-42 luca.05@mail.ru High quality leather, ecoleather and textile bags for women. Classic, elegant and sports styles. Purses. Сумки из кожи, экокожи и текстиля, высокого качества, для женщин классического, молодежного испортивного стилей. Кошельки.; stand=1A01; PDF=OBUV_Catalogo_10_26.pdf; source updated 01.10.2026",ok,website,2026-10-05T08:37:46Z,obuv-mir-kozhi-autumn-2026-official-pdf-signo-v1.0.2,ok,ok,Kept as Signo-relevant official exhibitor from the Moscow/Russian-market Obuv. Mir Kozhi autumn 2026 catalogue. Products are normalized to Russian product/category terms from catalogue evidence or event category when per-company description is blank.,new,no email/domain/company match in read-only Twenty repeat index,,,,luca.05@mail.ru,,official_pdf_alphabetical_exhibitors,,not_attempted_pdf_contacts_present,https://www.obuv-expo.ru/common/img/uploaded/exhibitions/obuv_mir_kozhi/2026/doc/OBUV_Catalogo_10_26.pdf,Official PDF already exposes public email/website where available; no authenticated enrichment or Coldy access used.,luca.05@mail.ru,first public email from official PDF
Обувь. Мир кожи 2026. Осень,13–15 октября 2026,FRANCESCO V .,ФРАНЧЕСКО В,ФРАНЧЕСКО В.,обувь,Италия T: +39 0733829565 info@francescosrl.it We suggest you to check our collection of shoes. We have a wibe assortiment of convenient and confortable shoes for every-day-life Предлагаем вам ознакомиться с нашей коллекцией обуви. Широкий ассортимент повседневной удобной обуви по хорошей цене,Москва,,2C52,Экспоцентр,обувь; сумки; кожгалантерея; аксессуары; изделия из кожи,Предлагаем вам ознакомиться с нашей коллекцией обуви. Широкий ассортимент повседневной удобной обуви по хорошей цене,FRANCESCO V .,,info@francescosrl.it,,https://www.obuv-expo.ru/ru/exhibition/exhibitors/,https://www.obuv-expo.ru/common/img/uploaded/exhibitions/obuv_mir_kozhi/2026/doc/OBUV_Catalogo_10_26.pdf,12-20,obuv-mir-kozhi-autumn-2026-row-016,keep,Official PDF row 16: FRANCESCO V . / ФРАНЧЕСКО В.; country=Италия T: +39 0733829565 info@francescosrl.it We suggest you to check our collection of shoes. We have a wibe assortiment of convenient and confortable shoes for every-day-life Предлагаем вам ознакомиться с нашей коллекцией обуви. Широкий ассортимент повседневной удобной обуви по хорошей цене; stand=2C52; PDF=OBUV_Catalogo_10_26.pdf; source updated 01.10.2026,ok,website,2026-10-05T08:37:46Z,obuv-mir-kozhi-autumn-2026-official-pdf-signo-v1.0.2,ok,ok,Kept as Signo-relevant official exhibitor from the Moscow/Russian-market Obuv. Mir Kozhi autumn 2026 catalogue. Products are normalized to Russian product/category terms from catalogue evidence or event category when per-company description is blank.,new,no email/domain/company match in read-only Twenty repeat index,,,,info@francescosrl.it,francescosrl.it,official_pdf_alphabetical_exhibitors,,not_attempted_pdf_contacts_present,https://www.obuv-expo.ru/common/img/uploaded/exhibitions/obuv_mir_kozhi/2026/doc/OBUV_Catalogo_10_26.pdf,Official PDF already exposes public email/website where available; no authenticated enrichment or Coldy access used.,info@francescosrl.it,first public email from official PDF
Обувь. Мир кожи 2026. Осень,13–15 октября 2026,FRU.IT - ALBERTO CICCIOLI,ФРУ .ИТ - АЛЬБЕРТО ЧИЧЧОЛИ,ФРУ .ИТ - АЛЬБЕРТО ЧИЧЧОЛИ,женская обувь; мужская обувь; обувь; изделия из кожи и экокожи,"Италия High-quality Italian footwear manufacturer specializing in premium leather collections for man and woman Итальянский производитель обуви высокого качества, специализирущийся на премиум коллекциях мужской и женской кожаной обуви",Москва,,2B10,Экспоцентр,обувь; сумки; кожгалантерея; аксессуары; изделия из кожи,"Итальянский производитель обуви высокого качества, специализирущийся на премиум коллекциях мужской и женской кожаной обуви",FRU.IT - ALBERTO CICCIOLI,,,,https://www.obuv-expo.ru/ru/exhibition/exhibitors/,https://www.obuv-expo.ru/common/img/uploaded/exhibitions/obuv_mir_kozhi/2026/doc/OBUV_Catalogo_10_26.pdf,12-20,obuv-mir-kozhi-autumn-2026-row-017,keep,"Official PDF row 17: FRU.IT - ALBERTO CICCIOLI / ФРУ .ИТ - АЛЬБЕРТО ЧИЧЧОЛИ; country=Италия High-quality Italian footwear manufacturer specializing in premium leather collections for man and woman Итальянский производитель обуви высокого качества, специализирущийся на премиум коллекциях мужской и женской кожаной обуви; stand=2B10; PDF=OBUV_Catalogo_10_26.pdf; source updated 01.10.2026",ok,website; public_email,2026-10-05T08:37:46Z,obuv-mir-kozhi-autumn-2026-official-pdf-signo-v1.0.2,ok,ok,Kept as Signo-relevant official exhibitor from the Moscow/Russian-market Obuv. Mir Kozhi autumn 2026 catalogue. Products are normalized to Russian product/category terms from catalogue evidence or event category when per-company description is blank.,new,no email/domain/company match in read-only Twenty repeat index,,,,,,official_pdf_alphabetical_exhibitors,,not_attempted_no_public_website_or_email,https://www.obuv-expo.ru/common/img/uploaded/exhibitions/obuv_mir_kozhi/2026/doc/OBUV_Catalogo_10_26.pdf,Official PDF already exposes public email/website where available; no authenticated enrichment or Coldy access used.,,no public email in official PDF
Обувь. Мир кожи 2026. Осень,13–15 октября 2026,G.N.V . - GIAMPIERONICOLA,Дж.Н.В. - ДЖАМПЬЕРОНИКОЛА,Дж.Н.В. - ДЖАМПЬЕРОНИКОЛА,мужская обувь; обувь,Италия T: +39 0734876811 info@calzaturificiognv.it Men's shoes fashion & trendy Мужская модная и стильная обувь,Москва,,2C50,Экспоцентр,обувь; сумки; кожгалантерея; аксессуары; изделия из кожи,Мужская модная и стильная обувь,G.N.V . - GIAMPIERONICOLA,,info@calzaturificiognv.it,,https://www.obuv-expo.ru/ru/exhibition/exhibitors/,https://www.obuv-expo.ru/common/img/uploaded/exhibitions/obuv_mir_kozhi/2026/doc/OBUV_Catalogo_10_26.pdf,12-20,obuv-mir-kozhi-autumn-2026-row-018,keep,Official PDF row 18: G.N.V . - GIAMPIERONICOLA / Дж.Н.В. - ДЖАМПЬЕРОНИКОЛА; country=Италия T: +39 0734876811 info@calzaturificiognv.it Men's shoes fashion & trendy Мужская модная и стильная обувь; stand=2C50; PDF=OBUV_Catalogo_10_26.pdf; source updated 01.10.2026,ok,website,2026-10-05T08:37:46Z,obuv-mir-kozhi-autumn-2026-official-pdf-signo-v1.0.2,ok,ok,Kept as Signo-relevant official exhibitor from the Moscow/Russian-market Obuv. Mir Kozhi autumn 2026 catalogue. Products are normalized to Russian product/category terms from catalogue evidence or event category when per-company description is blank.,new,no email/domain/company match in read-only Twenty repeat index,,,,info@calzaturificiognv.it,calzaturificiognv.it,official_pdf_alphabetical_exhibitors,,not_attempted_pdf_contacts_present,https://www.obuv-expo.ru/common/img/uploaded/exhibitions/obuv_mir_kozhi/2026/doc/OBUV_Catalogo_10_26.pdf,Official PDF already exposes public email/website where available; no authenticated enrichment or Coldy access used.,info@calzaturificiognv.it,first public email from official PDF
Обувь. Мир кожи 2026. Осень,13–15 октября 2026,GIANFRANCO BUTTERI,ДЖАНФРАНКО БУТТЕРИ,ДЖАНФРАНКО БУТТЕРИ,мужская обувь; обувь; изделия из кожи и экокожи,Италия T: +39 0734 892927 info@gianfrancobutteri.com Men's leather shoes high quality 100% made in Italy Мужская кожаная обувь высокого качества - 100% Сделано в Италии,Москва,,2C30,Экспоцентр,обувь; сумки; кожгалантерея; аксессуары; изделия из кожи,Мужская кожаная обувь высокого качества - 100% Сделано в Италии,GIANFRANCO BUTTERI,,info@gianfrancobutteri.com,,https://www.obuv-expo.ru/ru/exhibition/exhibitors/,https://www.obuv-expo.ru/common/img/uploaded/exhibitions/obuv_mir_kozhi/2026/doc/OBUV_Catalogo_10_26.pdf,12-20,obuv-mir-kozhi-autumn-2026-row-019,keep,Official PDF row 19: GIANFRANCO BUTTERI / ДЖАНФРАНКО БУТТЕРИ; country=Италия T: +39 0734 892927 info@gianfrancobutteri.com Men's leather shoes high quality 100% made in Italy Мужская кожаная обувь высокого качества - 100% Сделано в Италии; stand=2C30; PDF=OBUV_Catalogo_10_26.pdf; source updated 01.10.2026,ok,website,2026-10-05T08:37:46Z,obuv-mir-kozhi-autumn-2026-official-pdf-signo-v1.0.2,ok,ok,Kept as Signo-relevant official exhibitor from the Moscow/Russian-market Obuv. Mir Kozhi autumn 2026 catalogue. Products are normalized to Russian product/category terms from catalogue evidence or event category when per-company description is blank.,new,no email/domain/company match in read-only Twenty repeat index,,,,info@gianfrancobutteri.com,gianfrancobutteri.com,official_pdf_alphabetical_exhibitors,,not_attempted_pdf_contacts_present,https://www.obuv-expo.ru/common/img/uploaded/exhibitions/obuv_mir_kozhi/2026/doc/OBUV_Catalogo_10_26.pdf,Official PDF already exposes public email/website where available; no authenticated enrichment or Coldy access used.,info@gianfrancobutteri.com,first public email from official PDF
Обувь. Мир кожи 2026. Осень,13–15 октября 2026,GIOV ANNI FABIANI,ДЖОВАННИ ФАБИАНИ,ДЖОВАННИ ФАБИАНИ,женская обувь; обувь; сумки и багаж,"Италия T: +39 0734642479 F: +39 0734642477 info@giovannifabiani.it Calzaturificio Giovanni Fabiani Srl was founded in 1971 by Giovanni Fabiani and it's considered one of the most important companies in Marche producing high quality women's shoes and bags. The three brands produced are: Giovanni Fabiani - Fabiani - Sara Kent Обувная фабрика Джованни Фабиани была основана в 1971 году Джованни Фабиани. Фирма считается одной из самых крупных фирм области Марке, производящих женскую обувь и сумки высокого класса. Три бренда фирмы: Джованни Фабиани - Фабиани - Сара Кент",Москва,,2C35,Экспоцентр,обувь; сумки; кожгалантерея; аксессуары; изделия из кожи,"Обувная фабрика Джованни Фабиани была основана в 1971 году Джованни Фабиани. Фирма считается одной из самых крупных фирм области Марке, производящих женскую обувь и сумки высокого класса. Три бренда фирмы: Джованни Фабиани - Фабиани - Сара Кент",GIOV ANNI FABIANI,,info@giovannifabiani.it,,https://www.obuv-expo.ru/ru/exhibition/exhibitors/,https://www.obuv-expo.ru/common/img/uploaded/exhibitions/obuv_mir_kozhi/2026/doc/OBUV_Catalogo_10_26.pdf,12-20,obuv-mir-kozhi-autumn-2026-row-020,keep,"Official PDF row 20: GIOV ANNI FABIANI / ДЖОВАННИ ФАБИАНИ; country=Италия T: +39 0734642479 F: +39 0734642477 info@giovannifabiani.it Calzaturificio Giovanni Fabiani Srl was founded in 1971 by Giovanni Fabiani and it's considered one of the most important companies in Marche producing high quality women's shoes and bags. The three brands produced are: Giovanni Fabiani - Fabiani - Sara Kent Обувная фабрика Джованни Фабиани была основана в 1971 году Джованни Фабиани. Фирма считается одной из самых крупных фирм области Марке, производящих женскую обувь и сумки высокого класса. Три бренда фирмы: Джованни Фабиани - Фабиани - Сара Кент; stand=2C35; PDF=OBUV_Catalogo_10_26.pdf; source updated 01.10.2026",ok,website,2026-10-05T08:37:46Z,obuv-mir-kozhi-autumn-2026-official-pdf-signo-v1.0.2,ok,ok,Kept as Signo-relevant official exhibitor from the Moscow/Russian-market Obuv. Mir Kozhi autumn 2026 catalogue. Products are normalized to Russian product/category terms from catalogue evidence or event category when per-company description is blank.,new,no email/domain/company match in read-only Twenty repeat index,,,,info@giovannifabiani.it,giovannifabiani.it,official_pdf_alphabetical_exhibitors,,not_attempted_pdf_contacts_present,https://www.obuv-expo.ru/common/img/uploaded/exhibitions/obuv_mir_kozhi/2026/doc/OBUV_Catalogo_10_26.pdf,Official PDF already exposes public email/website where available; no authenticated enrichment or Coldy access used.,info@giovannifabiani.it,first public email from official PDF
Обувь. Мир кожи 2026. Осень,13–15 октября 2026,GIRONACCI,ДЖИРОНА ЧЧИ,ДЖИРОНА ЧЧИ,ремни,"Италия T: +39 0734889341 Artisan production high quality women handbags, belts, wallets 100% Made in Italy Ремесленное производство высококачественных женских сумок, ремней, бумажников 100% Сделано в Италии",Москва,,2B57,Экспоцентр,обувь; сумки; кожгалантерея; аксессуары; изделия из кожи,"Ремесленное производство высококачественных женских сумок, ремней, бумажников 100% Сделано в Италии",GIRONACCI,,,,https://www.obuv-expo.ru/ru/exhibition/exhibitors/,https://www.obuv-expo.ru/common/img/uploaded/exhibitions/obuv_mir_kozhi/2026/doc/OBUV_Catalogo_10_26.pdf,12-20,obuv-mir-kozhi-autumn-2026-row-021,keep,"Official PDF row 21: GIRONACCI / ДЖИРОНА ЧЧИ; country=Италия T: +39 0734889341 Artisan production high quality women handbags, belts, wallets 100% Made in Italy Ремесленное производство высококачественных женских сумок, ремней, бумажников 100% Сделано в Италии; stand=2B57; PDF=OBUV_Catalogo_10_26.pdf; source updated 01.10.2026",ok,website; public_email,2026-10-05T08:37:46Z,obuv-mir-kozhi-autumn-2026-official-pdf-signo-v1.0.2,ok,ok,Kept as Signo-relevant official exhibitor from the Moscow/Russian-market Obuv. Mir Kozhi autumn 2026 catalogue. Products are normalized to Russian product/category terms from catalogue evidence or event category when per-company description is blank.,new,no email/domain/company match in read-only Twenty repeat index,,,,,,official_pdf_alphabetical_exhibitors,,not_attempted_no_public_website_or_email,https://www.obuv-expo.ru/common/img/uploaded/exhibitions/obuv_mir_kozhi/2026/doc/OBUV_Catalogo_10_26.pdf,Official PDF already exposes public email/website where available; no authenticated enrichment or Coldy access used.,,no public email in official PDF
Обувь. Мир кожи 2026. Осень,13–15 октября 2026,HANGZHOU J&B TECHNOLOGY,ХАНЧЖОУ ДЖЕЙ&БИ ТЕКНОЛОДЖИ,ХАНЧЖОУ ДЖЕЙ&БИ ТЕКНОЛОДЖИ,спортивная и зимняя обувь,"Китай T: +86 57188730893 Snowboots, produce snowboots Сноубутсы, производитель сноубутсов",Москва,,2B44,Экспоцентр,обувь; сумки; кожгалантерея; аксессуары; изделия из кожи,"Сноубутсы, производитель сноубутсов",HANGZHOU J&B TECHNOLOGY,,,,https://www.obuv-expo.ru/ru/exhibition/exhibitors/,https://www.obuv-expo.ru/common/img/uploaded/exhibitions/obuv_mir_kozhi/2026/doc/OBUV_Catalogo_10_26.pdf,12-20,obuv-mir-kozhi-autumn-2026-row-022,keep,"Official PDF row 22: HANGZHOU J&B TECHNOLOGY / ХАНЧЖОУ ДЖЕЙ&БИ ТЕКНОЛОДЖИ; country=Китай T: +86 57188730893 Snowboots, produce snowboots Сноубутсы, производитель сноубутсов; stand=2B44; PDF=OBUV_Catalogo_10_26.pdf; source updated 01.10.2026",ok,website; public_email,2026-10-05T08:37:46Z,obuv-mir-kozhi-autumn-2026-official-pdf-signo-v1.0.2,ok,ok,Kept as Signo-relevant official exhibitor from the Moscow/Russian-market Obuv. Mir Kozhi autumn 2026 catalogue. Products are normalized to Russian product/category terms from catalogue evidence or event category when per-company description is blank.,new,no email/domain/company match in read-only Twenty repeat index,,,,,,official_pdf_alphabetical_exhibitors,,not_attempted_no_public_website_or_email,https://www.obuv-expo.ru/common/img/uploaded/exhibitions/obuv_mir_kozhi/2026/doc/OBUV_Catalogo_10_26.pdf,Official PDF already exposes public email/website where available; no authenticated enrichment or Coldy access used.,,no public email in official PDF
Обувь. Мир кожи 2026. Осень,13–15 октября 2026,ILASIO RENZONI,ИЛАЗИО РЕНЦОНИ,ИЛАЗИО РЕНЦОНИ,женская обувь; обувь; изделия из кожи и экокожи,Италия T: +39 0734902495 info@renzoni.net Women's leather shoes high quality - 100% made in Italy Женская кожаная обувь высокого класса - 100% Сделано в Италии,Москва,,2C32,Экспоцентр,обувь; сумки; кожгалантерея; аксессуары; изделия из кожи,Женская кожаная обувь высокого класса - 100% Сделано в Италии,ILASIO RENZONI,,info@renzoni.net,,https://www.obuv-expo.ru/ru/exhibition/exhibitors/,https://www.obuv-expo.ru/common/img/uploaded/exhibitions/obuv_mir_kozhi/2026/doc/OBUV_Catalogo_10_26.pdf,12-20,obuv-mir-kozhi-autumn-2026-row-023,keep,Official PDF row 23: ILASIO RENZONI / ИЛАЗИО РЕНЦОНИ; country=Италия T: +39 0734902495 info@renzoni.net Women's leather shoes high quality - 100% made in Italy Женская кожаная обувь высокого класса - 100% Сделано в Италии; stand=2C32; PDF=OBUV_Catalogo_10_26.pdf; source updated 01.10.2026,ok,website,2026-10-05T08:37:46Z,obuv-mir-kozhi-autumn-2026-official-pdf-signo-v1.0.2,ok,ok,Kept as Signo-relevant official exhibitor from the Moscow/Russian-market Obuv. Mir Kozhi autumn 2026 catalogue. Products are normalized to Russian product/category terms from catalogue evidence or event category when per-company description is blank.,new,no email/domain/company match in read-only Twenty repeat index,,,,info@renzoni.net,renzoni.net,official_pdf_alphabetical_exhibitors,,not_attempted_pdf_contacts_present,https://www.obuv-expo.ru/common/img/uploaded/exhibitions/obuv_mir_kozhi/2026/doc/OBUV_Catalogo_10_26.pdf,Official PDF already exposes public email/website where available; no authenticated enrichment or Coldy access used.,info@renzoni.net,first public email from official PDF
Обувь. Мир кожи 2026. Осень,13–15 октября 2026,INNUE',ИННУЭ,ИННУЭ,обувь; сумки; кожгалантерея; аксессуары; изделия из кожи,"Италия T: +39 3312955490 a.guarino@innueitalia.com Style, elegance, quality and Italian tradition are the core values of Innue brands Стиль, элегнтность, качество и итальянские традиции - основные ценности брендов Иннуэ",Москва,,2C64,Экспоцентр,обувь; сумки; кожгалантерея; аксессуары; изделия из кожи,"Стиль, элегнтность, качество и итальянские традиции - основные ценности брендов Иннуэ",INNUE',,a.guarino@innueitalia.com,,https://www.obuv-expo.ru/ru/exhibition/exhibitors/,https://www.obuv-expo.ru/common/img/uploaded/exhibitions/obuv_mir_kozhi/2026/doc/OBUV_Catalogo_10_26.pdf,12-20,obuv-mir-kozhi-autumn-2026-row-024,keep,"Official PDF row 24: INNUE' / ИННУЭ; country=Италия T: +39 3312955490 a.guarino@innueitalia.com Style, elegance, quality and Italian tradition are the core values of Innue brands Стиль, элегнтность, качество и итальянские традиции - основные ценности брендов Иннуэ; stand=2C64; PDF=OBUV_Catalogo_10_26.pdf; source updated 01.10.2026",ok,website,2026-10-05T08:37:46Z,obuv-mir-kozhi-autumn-2026-official-pdf-signo-v1.0.2,ok,ok,Kept as Signo-relevant official exhibitor from the Moscow/Russian-market Obuv. Mir Kozhi autumn 2026 catalogue. Products are normalized to Russian product/category terms from catalogue evidence or event category when per-company description is blank.,new,no email/domain/company match in read-only Twenty repeat index,,,,a.guarino@innueitalia.com,innueitalia.com,official_pdf_alphabetical_exhibitors,,not_attempted_pdf_contacts_present,https://www.obuv-expo.ru/common/img/uploaded/exhibitions/obuv_mir_kozhi/2026/doc/OBUV_Catalogo_10_26.pdf,Official PDF already exposes public email/website where available; no authenticated enrichment or Coldy access used.,a.guarino@innueitalia.com,first public email from official PDF
Обувь. Мир кожи 2026. Осень,13–15 октября 2026,KELTON,КЕЛТОН,КЕЛТОН,женская обувь; обувь,Италия T: +39 0734840516 info@keltonsrl.com All day comfort together with exclusive style it is the essence of Kelton brand. Kelton shoes are the result of Italian mastercraft man experience. We select only premium leather and materials for our women shoes У добство и эксклюзивный стиль - суть бренда Келтон. Обувь фирмы Келтон - результат мастерства итальянских ремесленников. Для производства женской обуви мы выбираем кожу и материалы только премиум класса,Москва,,2B30,Экспоцентр,обувь; сумки; кожгалантерея; аксессуары; изделия из кожи,У добство и эксклюзивный стиль - суть бренда Келтон. Обувь фирмы Келтон - результат мастерства итальянских ремесленников. Для производства женской обуви мы выбираем кожу и материалы только премиум класса,KELTON,,info@keltonsrl.com,,https://www.obuv-expo.ru/ru/exhibition/exhibitors/,https://www.obuv-expo.ru/common/img/uploaded/exhibitions/obuv_mir_kozhi/2026/doc/OBUV_Catalogo_10_26.pdf,12-20,obuv-mir-kozhi-autumn-2026-row-025,keep,Official PDF row 25: KELTON / КЕЛТОН; country=Италия T: +39 0734840516 info@keltonsrl.com All day comfort together with exclusive style it is the essence of Kelton brand. Kelton shoes are the result of Italian mastercraft man experience. We select only premium leather and materials for our women shoes У добство и эксклюзивный стиль - суть бренда Келтон. Обувь фирмы Келтон - результат мастерства итальянских ремесленников. Для производства женской обуви мы выбираем кожу и материалы только премиум класса; stand=2B30; PDF=OBUV_Catalogo_10_26.pdf; source updated 01.10.2026,ok,website,2026-10-05T08:37:46Z,obuv-mir-kozhi-autumn-2026-official-pdf-signo-v1.0.2,ok,ok,Kept as Signo-relevant official exhibitor from the Moscow/Russian-market Obuv. Mir Kozhi autumn 2026 catalogue. Products are normalized to Russian product/category terms from catalogue evidence or event category when per-company description is blank.,new,no email/domain/company match in read-only Twenty repeat index,,,,info@keltonsrl.com,keltonsrl.com,official_pdf_alphabetical_exhibitors,,not_attempted_pdf_contacts_present,https://www.obuv-expo.ru/common/img/uploaded/exhibitions/obuv_mir_kozhi/2026/doc/OBUV_Catalogo_10_26.pdf,Official PDF already exposes public email/website where available; no authenticated enrichment or Coldy access used.,info@keltonsrl.com,first public email from official PDF
Обувь. Мир кожи 2026. Осень,13–15 октября 2026,LAB-MILANO,ЛАБ-МИЛАНО,ЛАБ-МИЛАНО,женская обувь; мужская обувь; обувь; изделия из кожи и экокожи,Италия T: +39 0734902495 labmilanoshoes@gmail.com Men's and women's leather shoes high quality Мужская и женская кожаная обувь высокого качества,Москва,,2C40,Экспоцентр,обувь; сумки; кожгалантерея; аксессуары; изделия из кожи,Мужская и женская кожаная обувь высокого качества,LAB-MILANO,,labmilanoshoes@gmail.com,,https://www.obuv-expo.ru/ru/exhibition/exhibitors/,https://www.obuv-expo.ru/common/img/uploaded/exhibitions/obuv_mir_kozhi/2026/doc/OBUV_Catalogo_10_26.pdf,12-20,obuv-mir-kozhi-autumn-2026-row-026,keep,Official PDF row 26: LAB-MILANO / ЛАБ-МИЛАНО; country=Италия T: +39 0734902495 labmilanoshoes@gmail.com Men's and women's leather shoes high quality Мужская и женская кожаная обувь высокого качества; stand=2C40; PDF=OBUV_Catalogo_10_26.pdf; source updated 01.10.2026,ok,website,2026-10-05T08:37:46Z,obuv-mir-kozhi-autumn-2026-official-pdf-signo-v1.0.2,ok,ok,Kept as Signo-relevant official exhibitor from the Moscow/Russian-market Obuv. Mir Kozhi autumn 2026 catalogue. Products are normalized to Russian product/category terms from catalogue evidence or event category when per-company description is blank.,new,no email/domain/company match in read-only Twenty repeat index,,,,labmilanoshoes@gmail.com,,official_pdf_alphabetical_exhibitors,,not_attempted_pdf_contacts_present,https://www.obuv-expo.ru/common/img/uploaded/exhibitions/obuv_mir_kozhi/2026/doc/OBUV_Catalogo_10_26.pdf,Official PDF already exposes public email/website where available; no authenticated enrichment or Coldy access used.,labmilanoshoes@gmail.com,first public email from official PDF
Обувь. Мир кожи 2026. Осень,13–15 октября 2026,LAURA BELLARIV A BY ELIO'S,ЛАУРА БЕЛЛАРИВА БАЙ ЭЛИОС,ЛАУРА БЕЛЛАРИВА БАЙ ЭЛИОС,женская обувь; обувь,"Италия T: +39 0733898245 F: +39 0733897047 amministrazione@elios.it The shoe factory was born in Civitanova Marche (Italy) in 1978. It's importance in both the national and the international market's has grown continuosly. It's activity is mainly concerned with the production of medium-high quality women shoes Обувная фабрика была основана в городе Чивитанова-Марке (Италия) в 1978 году. Ее известность как на итальянском, так и на международном рынке, постоянно росла. Основная продукция фабрики – женская обувь средне- высокого класса",Москва,,2B50,Экспоцентр,обувь; сумки; кожгалантерея; аксессуары; изделия из кожи,"Обувная фабрика была основана в городе Чивитанова-Марке (Италия) в 1978 году. Ее известность как на итальянском, так и на международном рынке, постоянно росла. Основная продукция фабрики – женская обувь средне- высокого класса",LAURA BELLARIV A BY ELIO'S,,amministrazione@elios.it,,https://www.obuv-expo.ru/ru/exhibition/exhibitors/,https://www.obuv-expo.ru/common/img/uploaded/exhibitions/obuv_mir_kozhi/2026/doc/OBUV_Catalogo_10_26.pdf,12-20,obuv-mir-kozhi-autumn-2026-row-027,keep,"Official PDF row 27: LAURA BELLARIV A BY ELIO'S / ЛАУРА БЕЛЛАРИВА БАЙ ЭЛИОС; country=Италия T: +39 0733898245 F: +39 0733897047 amministrazione@elios.it The shoe factory was born in Civitanova Marche (Italy) in 1978. It's importance in both the national and the international market's has grown continuosly. It's activity is mainly concerned with the production of medium-high quality women shoes Обувная фабрика была основана в городе Чивитанова-Марке (Италия) в 1978 году. Ее известность как на итальянском, так и на международном рынке, постоянно росла. Основная продукция фабрики – женская обувь средне- высокого класса; stand=2B50; PDF=OBUV_Catalogo_10_26.pdf; source updated 01.10.2026",ok,website,2026-10-05T08:37:46Z,obuv-mir-kozhi-autumn-2026-official-pdf-signo-v1.0.2,ok,ok,Kept as Signo-relevant official exhibitor from the Moscow/Russian-market Obuv. Mir Kozhi autumn 2026 catalogue. Products are normalized to Russian product/category terms from catalogue evidence or event category when per-company description is blank.,new,no email/domain/company match in read-only Twenty repeat index,,,,amministrazione@elios.it,elios.it,official_pdf_alphabetical_exhibitors,,not_attempted_pdf_contacts_present,https://www.obuv-expo.ru/common/img/uploaded/exhibitions/obuv_mir_kozhi/2026/doc/OBUV_Catalogo_10_26.pdf,Official PDF already exposes public email/website where available; no authenticated enrichment or Coldy access used.,amministrazione@elios.it,first public email from official PDF
Обувь. Мир кожи 2026. Осень,13–15 октября 2026,LORENZO MARI - CHIARUGI FIRENZE - LA VITA FIRENZE,ЛОРЕНЦО МАРИ - КЬЯРУДЖИ ФИРЕНЦЕ - ЛА ВИТА ФИРЕНЦЕ,ЛОРЕНЦО МАРИ - КЬЯРУДЖИ ФИРЕНЦЕ - ЛА ВИТА ФИРЕНЦЕ,женская обувь; обувь; сумки и багаж; аксессуары; изделия из кожи и экокожи,"Италия T: +39 0883506636 info@gifal.it OBUVITALIA presents three Italian brands of excellence: LORENZO MARI, women's footwear. CHIARUGI FIRENZE and LA VITA FIRENZE, Italian leather bags and accessories ОБУВЬИТАЛИЯ представляет три превосходных итальянских бренда: ЛОРЕНЦО МАРИ, женская обувь. КЬЯРУДЖИ ФИРЕНЦЕ и ЛА ВИТА ФИРЕНЦЕ, итальянские кожаные сумки и аксессуары",Москва,,2B84,Экспоцентр,обувь; сумки; кожгалантерея; аксессуары; изделия из кожи,"ОБУВЬИТАЛИЯ представляет три превосходных итальянских бренда: ЛОРЕНЦО МАРИ, женская обувь. КЬЯРУДЖИ ФИРЕНЦЕ и ЛА ВИТА ФИРЕНЦЕ, итальянские кожаные сумки и аксессуары",LORENZO MARI - CHIARUGI FIRENZE - LA VITA FIRENZE,,info@gifal.it,,https://www.obuv-expo.ru/ru/exhibition/exhibitors/,https://www.obuv-expo.ru/common/img/uploaded/exhibitions/obuv_mir_kozhi/2026/doc/OBUV_Catalogo_10_26.pdf,12-20,obuv-mir-kozhi-autumn-2026-row-028,keep,"Official PDF row 28: LORENZO MARI - CHIARUGI FIRENZE - LA VITA FIRENZE / ЛОРЕНЦО МАРИ - КЬЯРУДЖИ ФИРЕНЦЕ - ЛА ВИТА ФИРЕНЦЕ; country=Италия T: +39 0883506636 info@gifal.it OBUVITALIA presents three Italian brands of excellence: LORENZO MARI, women's footwear. CHIARUGI FIRENZE and LA VITA FIRENZE, Italian leather bags and accessories ОБУВЬИТАЛИЯ представляет три превосходных итальянских бренда: ЛОРЕНЦО МАРИ, женская обувь. КЬЯРУДЖИ ФИРЕНЦЕ и ЛА ВИТА ФИРЕНЦЕ, итальянские кожаные сумки и аксессуары; stand=2B84; PDF=OBUV_Catalogo_10_26.pdf; source updated 01.10.2026",ok,website,2026-10-05T08:37:46Z,obuv-mir-kozhi-autumn-2026-official-pdf-signo-v1.0.2,ok,ok,Kept as Signo-relevant official exhibitor from the Moscow/Russian-market Obuv. Mir Kozhi autumn 2026 catalogue. Products are normalized to Russian product/category terms from catalogue evidence or event category when per-company description is blank.,new,no email/domain/company match in read-only Twenty repeat index,,,,info@gifal.it,gifal.it,official_pdf_alphabetical_exhibitors,,not_attempted_pdf_contacts_present,https://www.obuv-expo.ru/common/img/uploaded/exhibitions/obuv_mir_kozhi/2026/doc/OBUV_Catalogo_10_26.pdf,Official PDF already exposes public email/website where available; no authenticated enrichment or Coldy access used.,info@gifal.it,first public email from official PDF
Обувь. Мир кожи 2026. Осень,13–15 октября 2026,LORIBLU,ЛОРИБЛУ,ЛОРИБЛУ,женская обувь; обувь,Италия T: +39 0734994696 sara.cuccù@loriblu.it High-end and contemporary ladies shoes Современная женская обувь высокого ценового уровня,Москва,,2D30,Экспоцентр,обувь; сумки; кожгалантерея; аксессуары; изделия из кожи,Современная женская обувь высокого ценового уровня,LORIBLU,,,,https://www.obuv-expo.ru/ru/exhibition/exhibitors/,https://www.obuv-expo.ru/common/img/uploaded/exhibitions/obuv_mir_kozhi/2026/doc/OBUV_Catalogo_10_26.pdf,12-20,obuv-mir-kozhi-autumn-2026-row-029,keep,Official PDF row 29: LORIBLU / ЛОРИБЛУ; country=Италия T: +39 0734994696 sara.cuccù@loriblu.it High-end and contemporary ladies shoes Современная женская обувь высокого ценового уровня; stand=2D30; PDF=OBUV_Catalogo_10_26.pdf; source updated 01.10.2026,ok,website; public_email,2026-10-05T08:37:46Z,obuv-mir-kozhi-autumn-2026-official-pdf-signo-v1.0.2,ok,ok,Kept as Signo-relevant official exhibitor from the Moscow/Russian-market Obuv. Mir Kozhi autumn 2026 catalogue. Products are normalized to Russian product/category terms from catalogue evidence or event category when per-company description is blank.,new,no email/domain/company match in read-only Twenty repeat index,,,,,,official_pdf_alphabetical_exhibitors,,not_attempted_no_public_website_or_email,https://www.obuv-expo.ru/common/img/uploaded/exhibitions/obuv_mir_kozhi/2026/doc/OBUV_Catalogo_10_26.pdf,Official PDF already exposes public email/website where available; no authenticated enrichment or Coldy access used.,,no public email in official PDF
Обувь. Мир кожи 2026. Осень,13–15 октября 2026,LORISTELLA,ЛОРИСТЕЛЛА,ЛОРИСТЕЛЛА,сумки и багаж; аксессуары,"Италия T: +39 0861758076 info@loristella.it Each bag of Loristella's brand is designed to offer a refined and elegant style, suitable to meet the needs of all women. Unique accessories by the Italian design, made with quality raw materials, manufactured with skill and qualified craftsmanship Каждая сумка бренда Лористелла создается в изысканном и элегантном стиле, отвечая запросам всех женщин. Уникальные аксессуары итальянского дизайна, из качественного сырья, произведенные с мастерством опытными ремесленниками",Москва,,2C62,Экспоцентр,обувь; сумки; кожгалантерея; аксессуары; изделия из кожи,"Каждая сумка бренда Лористелла создается в изысканном и элегантном стиле, отвечая запросам всех женщин. Уникальные аксессуары итальянского дизайна, из качественного сырья, произведенные с мастерством опытными ремесленниками",LORISTELLA,,info@loristella.it,,https://www.obuv-expo.ru/ru/exhibition/exhibitors/,https://www.obuv-expo.ru/common/img/uploaded/exhibitions/obuv_mir_kozhi/2026/doc/OBUV_Catalogo_10_26.pdf,12-20,obuv-mir-kozhi-autumn-2026-row-030,keep,"Official PDF row 30: LORISTELLA / ЛОРИСТЕЛЛА; country=Италия T: +39 0861758076 info@loristella.it Each bag of Loristella's brand is designed to offer a refined and elegant style, suitable to meet the needs of all women. Unique accessories by the Italian design, made with quality raw materials, manufactured with skill and qualified craftsmanship Каждая сумка бренда Лористелла создается в изысканном и элегантном стиле, отвечая запросам всех женщин. Уникальные аксессуары итальянского дизайна, из качественного сырья, произведенные с мастерством опытными ремесленниками; stand=2C62; PDF=OBUV_Catalogo_10_26.pdf; source updated 01.10.2026",ok,website,2026-10-05T08:37:46Z,obuv-mir-kozhi-autumn-2026-official-pdf-signo-v1.0.2,ok,ok,Kept as Signo-relevant official exhibitor from the Moscow/Russian-market Obuv. Mir Kozhi autumn 2026 catalogue. Products are normalized to Russian product/category terms from catalogue evidence or event category when per-company description is blank.,new,no email/domain/company match in read-only Twenty repeat index,,,,info@loristella.it,loristella.it,official_pdf_alphabetical_exhibitors,,not_attempted_pdf_contacts_present,https://www.obuv-expo.ru/common/img/uploaded/exhibitions/obuv_mir_kozhi/2026/doc/OBUV_Catalogo_10_26.pdf,Official PDF already exposes public email/website where available; no authenticated enrichment or Coldy access used.,info@loristella.it,first public email from official PDF
Обувь. Мир кожи 2026. Осень,13–15 октября 2026,LUCAGUERRINI,ЛУКАГУЕРРИНИ,ЛУКАГУЕРРИНИ,обувь; сумки; кожгалантерея; аксессуары; изделия из кожи,Италия T: +39 0734896140 F: +39 073488534 info@lucaguerrini.com,Москва,,2D54,Экспоцентр,обувь; сумки; кожгалантерея; аксессуары; изделия из кожи,,LUCAGUERRINI,,info@lucaguerrini.com,,https://www.obuv-expo.ru/ru/exhibition/exhibitors/,https://www.obuv-expo.ru/common/img/uploaded/exhibitions/obuv_mir_kozhi/2026/doc/OBUV_Catalogo_10_26.pdf,12-20,obuv-mir-kozhi-autumn-2026-row-031,keep,Official PDF row 31: LUCAGUERRINI / ЛУКАГУЕРРИНИ; country=Италия T: +39 0734896140 F: +39 073488534 info@lucaguerrini.com; stand=2D54; PDF=OBUV_Catalogo_10_26.pdf; source updated 01.10.2026,ok,website; per_company_product_description,2026-10-05T08:37:46Z,obuv-mir-kozhi-autumn-2026-official-pdf-signo-v1.0.2,ok,ok,Kept as Signo-relevant official exhibitor from the Moscow/Russian-market Obuv. Mir Kozhi autumn 2026 catalogue. Products are normalized to Russian product/category terms from catalogue evidence or event category when per-company description is blank.,new,no email/domain/company match in read-only Twenty repeat index,,,,info@lucaguerrini.com,lucaguerrini.com,official_pdf_alphabetical_exhibitors,,not_attempted_pdf_contacts_present,https://www.obuv-expo.ru/common/img/uploaded/exhibitions/obuv_mir_kozhi/2026/doc/OBUV_Catalogo_10_26.pdf,Official PDF already exposes public email/website where available; no authenticated enrichment or Coldy access used.,info@lucaguerrini.com,first public email from official PDF
Обувь. Мир кожи 2026. Осень,13–15 октября 2026,MARINO FABIANI,МАРИНО ФАБИАНИ,МАРИНО ФАБИАНИ,женская обувь; обувь; сумки и багаж,"Италия T: +39 0734642482 F: +39 0734641787 info@marinofabiani.it Marino Fabiani entered the shoe market in 1979 proposing high quality of handmade woman shoes and handbags made using first quality materials 100% certified Made in Italy Фирма Марино Фабиани вышла на обувной рынок в 1979 году, предложив высококачественную женскую обувь ручной работы и сумки из отборных материалов. Сертифицированное 100% Сделано в Италии",Москва,,2C25,Экспоцентр,обувь; сумки; кожгалантерея; аксессуары; изделия из кожи,"Фирма Марино Фабиани вышла на обувной рынок в 1979 году, предложив высококачественную женскую обувь ручной работы и сумки из отборных материалов. Сертифицированное 100% Сделано в Италии",MARINO FABIANI,,info@marinofabiani.it,,https://www.obuv-expo.ru/ru/exhibition/exhibitors/,https://www.obuv-expo.ru/common/img/uploaded/exhibitions/obuv_mir_kozhi/2026/doc/OBUV_Catalogo_10_26.pdf,12-20,obuv-mir-kozhi-autumn-2026-row-032,keep,"Official PDF row 32: MARINO FABIANI / МАРИНО ФАБИАНИ; country=Италия T: +39 0734642482 F: +39 0734641787 info@marinofabiani.it Marino Fabiani entered the shoe market in 1979 proposing high quality of handmade woman shoes and handbags made using first quality materials 100% certified Made in Italy Фирма Марино Фабиани вышла на обувной рынок в 1979 году, предложив высококачественную женскую обувь ручной работы и сумки из отборных материалов. Сертифицированное 100% Сделано в Италии; stand=2C25; PDF=OBUV_Catalogo_10_26.pdf; source updated 01.10.2026",ok,website,2026-10-05T08:37:46Z,obuv-mir-kozhi-autumn-2026-official-pdf-signo-v1.0.2,ok,ok,Kept as Signo-relevant official exhibitor from the Moscow/Russian-market Obuv. Mir Kozhi autumn 2026 catalogue. Products are normalized to Russian product/category terms from catalogue evidence or event category when per-company description is blank.,new,no email/domain/company match in read-only Twenty repeat index,,,,info@marinofabiani.it,marinofabiani.it,official_pdf_alphabetical_exhibitors,,not_attempted_pdf_contacts_present,https://www.obuv-expo.ru/common/img/uploaded/exhibitions/obuv_mir_kozhi/2026/doc/OBUV_Catalogo_10_26.pdf,Official PDF already exposes public email/website where available; no authenticated enrichment or Coldy access used.,info@marinofabiani.it,first public email from official PDF
Обувь. Мир кожи 2026. Осень,13–15 октября 2026,NEROGIARDINI,НЕРОДЖАРДИНИ,НЕРОДЖАРДИНИ,обувь; сумки; кожгалантерея; аксессуары; изделия из кожи,Италия T: +39 073496641 info@nerogiardini.it Made in Italy - High quality - Artisanal craftmanship - Comfort - Wide collection (ladies and men) - For all target age - Easy fitting - Fast replenishment Сделано в Италии - Продукция высокого качества - Ремесленное мастерство - У добство - Большая коллекция (для женщин и мужчин) - Для всех возрастных категорий - У добная в носке - Быстрые поставки,Москва,,2B25,Экспоцентр,обувь; сумки; кожгалантерея; аксессуары; изделия из кожи,Сделано в Италии - Продукция высокого качества - Ремесленное мастерство - У добство - Большая коллекция (для женщин и мужчин) - Для всех возрастных категорий - У добная в носке - Быстрые поставки,NEROGIARDINI,,info@nerogiardini.it,,https://www.obuv-expo.ru/ru/exhibition/exhibitors/,https://www.obuv-expo.ru/common/img/uploaded/exhibitions/obuv_mir_kozhi/2026/doc/OBUV_Catalogo_10_26.pdf,12-20,obuv-mir-kozhi-autumn-2026-row-033,keep,Official PDF row 33: NEROGIARDINI / НЕРОДЖАРДИНИ; country=Италия T: +39 073496641 info@nerogiardini.it Made in Italy - High quality - Artisanal craftmanship - Comfort - Wide collection (ladies and men) - For all target age - Easy fitting - Fast replenishment Сделано в Италии - Продукция высокого качества - Ремесленное мастерство - У добство - Большая коллекция (для женщин и мужчин) - Для всех возрастных категорий - У добная в носке - Быстрые поставки; stand=2B25; PDF=OBUV_Catalogo_10_26.pdf; source updated 01.10.2026,ok,website,2026-10-05T08:37:46Z,obuv-mir-kozhi-autumn-2026-official-pdf-signo-v1.0.2,ok,ok,Kept as Signo-relevant official exhibitor from the Moscow/Russian-market Obuv. Mir Kozhi autumn 2026 catalogue. Products are normalized to Russian product/category terms from catalogue evidence or event category when per-company description is blank.,new,no email/domain/company match in read-only Twenty repeat index,,,,info@nerogiardini.it,nerogiardini.it,official_pdf_alphabetical_exhibitors,,not_attempted_pdf_contacts_present,https://www.obuv-expo.ru/common/img/uploaded/exhibitions/obuv_mir_kozhi/2026/doc/OBUV_Catalogo_10_26.pdf,Official PDF already exposes public email/website where available; no authenticated enrichment or Coldy access used.,info@nerogiardini.it,first public email from official PDF
Обувь. Мир кожи 2026. Осень,13–15 октября 2026,NILA&NILA,НИЛА&НИЛА,НИЛА&НИЛА,обувь; сумки и багаж,Италия T: +39 072121335 Shoes and bags made in Italy Обувь и сумки Сделано в Италии,Москва,,2B20,Экспоцентр,обувь; сумки; кожгалантерея; аксессуары; изделия из кожи,Обувь и сумки Сделано в Италии,NILA&NILA,,,,https://www.obuv-expo.ru/ru/exhibition/exhibitors/,https://www.obuv-expo.ru/common/img/uploaded/exhibitions/obuv_mir_kozhi/2026/doc/OBUV_Catalogo_10_26.pdf,12-20,obuv-mir-kozhi-autumn-2026-row-034,keep,Official PDF row 34: NILA&NILA / НИЛА&НИЛА; country=Италия T: +39 072121335 Shoes and bags made in Italy Обувь и сумки Сделано в Италии; stand=2B20; PDF=OBUV_Catalogo_10_26.pdf; source updated 01.10.2026,ok,website; public_email,2026-10-05T08:37:46Z,obuv-mir-kozhi-autumn-2026-official-pdf-signo-v1.0.2,ok,ok,Kept as Signo-relevant official exhibitor from the Moscow/Russian-market Obuv. Mir Kozhi autumn 2026 catalogue. Products are normalized to Russian product/category terms from catalogue evidence or event category when per-company description is blank.,new,no email/domain/company match in read-only Twenty repeat index,,,,,,official_pdf_alphabetical_exhibitors,,not_attempted_no_public_website_or_email,https://www.obuv-expo.ru/common/img/uploaded/exhibitions/obuv_mir_kozhi/2026/doc/OBUV_Catalogo_10_26.pdf,Official PDF already exposes public email/website where available; no authenticated enrichment or Coldy access used.,,no public email in official PDF
Обувь. Мир кожи 2026. Осень,13–15 октября 2026,ORLANDI MARINO,ОРЛАНДИ МАРИНО,ОРЛАНДИ МАРИНО,обувь; сумки; кожгалантерея; аксессуары; изделия из кожи,"Италия T: +39 0733281294 info@marinoorlandi.com Creativity, artistic skills, invention-innovation developed over the years by Marino Orlandi created the MO style without place and time В течение многих лет Марино Орланди развивал творческий подход, ремесленное мастерство, изобретательность-новаторство, создав МО стиль вне времени и пространства",Москва,,2B60,Экспоцентр,обувь; сумки; кожгалантерея; аксессуары; изделия из кожи,"В течение многих лет Марино Орланди развивал творческий подход, ремесленное мастерство, изобретательность-новаторство, создав МО стиль вне времени и пространства",ORLANDI MARINO,,info@marinoorlandi.com,,https://www.obuv-expo.ru/ru/exhibition/exhibitors/,https://www.obuv-expo.ru/common/img/uploaded/exhibitions/obuv_mir_kozhi/2026/doc/OBUV_Catalogo_10_26.pdf,12-20,obuv-mir-kozhi-autumn-2026-row-035,keep,"Official PDF row 35: ORLANDI MARINO / ОРЛАНДИ МАРИНО; country=Италия T: +39 0733281294 info@marinoorlandi.com Creativity, artistic skills, invention-innovation developed over the years by Marino Orlandi created the MO style without place and time В течение многих лет Марино Орланди развивал творческий подход, ремесленное мастерство, изобретательность-новаторство, создав МО стиль вне времени и пространства; stand=2B60; PDF=OBUV_Catalogo_10_26.pdf; source updated 01.10.2026",ok,website,2026-10-05T08:37:46Z,obuv-mir-kozhi-autumn-2026-official-pdf-signo-v1.0.2,ok,ok,Kept as Signo-relevant official exhibitor from the Moscow/Russian-market Obuv. Mir Kozhi autumn 2026 catalogue. Products are normalized to Russian product/category terms from catalogue evidence or event category when per-company description is blank.,new,no email/domain/company match in read-only Twenty repeat index,,,,info@marinoorlandi.com,marinoorlandi.com,official_pdf_alphabetical_exhibitors,,not_attempted_pdf_contacts_present,https://www.obuv-expo.ru/common/img/uploaded/exhibitions/obuv_mir_kozhi/2026/doc/OBUV_Catalogo_10_26.pdf,Official PDF already exposes public email/website where available; no authenticated enrichment or Coldy access used.,info@marinoorlandi.com,first public email from official PDF
Обувь. Мир кожи 2026. Осень,13–15 октября 2026,PITILLOS,ПИТИЛЬОС,ПИТИЛЬОС,женская обувь; мужская обувь; обувь,"Испания T: +34 941385054 F: +34 941382173 export@calzadospitillos.com Elegant and cozy footwear for women&men best quality and comfort! Fashionable styles for cozy life and self confidence! Spanish natural, breathable original leather upper materials, branded soles and perfect fitting, unique technologies of flexibility and softness makes our footwear so loved by numerous ladies&men of different age! Элегантная и уютная женская и мужская обувь отличного качества и удобства! Модный стиль для уютной жизни и уверенности в себе! Испанские натуральные, дышащие материалы верха из натуральной кожи, фирменные подошвы и идеальная посадка, уникальные технологии для придания гибкости и мягкости делают нашу обувь такой любимой многими женщинами и мужчинами разного возраста!",Москва,,2B82,Экспоцентр,обувь; сумки; кожгалантерея; аксессуары; изделия из кожи,"Элегантная и уютная женская и мужская обувь отличного качества и удобства! Модный стиль для уютной жизни и уверенности в себе! Испанские натуральные, дышащие материалы верха из натуральной кожи, фирменные подошвы и идеальная посадка, уникальные технологии для придания гибкости и мягкости делают нашу обувь такой любимой многими женщинами и мужчинами разного возраста!",PITILLOS,,export@calzadospitillos.com,,https://www.obuv-expo.ru/ru/exhibition/exhibitors/,https://www.obuv-expo.ru/common/img/uploaded/exhibitions/obuv_mir_kozhi/2026/doc/OBUV_Catalogo_10_26.pdf,12-20,obuv-mir-kozhi-autumn-2026-row-036,keep,"Official PDF row 36: PITILLOS / ПИТИЛЬОС; country=Испания T: +34 941385054 F: +34 941382173 export@calzadospitillos.com Elegant and cozy footwear for women&men best quality and comfort! Fashionable styles for cozy life and self confidence! Spanish natural, breathable original leather upper materials, branded soles and perfect fitting, unique technologies of flexibility and softness makes our footwear so loved by numerous ladies&men of different age! Элегантная и уютная женская и мужская обувь отличного качества и удобства! Модный стиль для уютной жизни и уверенности в себе! Испанские натуральные, дышащие материалы верха из натуральной кожи, фирменные подошвы и идеальная посадка, уникальные технологии для придания гибкости и мягкости делают нашу обувь такой любимой многими женщинами и мужчинами разного возраста!; stand=2B82; PDF=OBUV_Catalogo_10_26.pdf; source updated 01.10.2026",ok,website,2026-10-05T08:37:46Z,obuv-mir-kozhi-autumn-2026-official-pdf-signo-v1.0.2,ok,ok,Kept as Signo-relevant official exhibitor from the Moscow/Russian-market Obuv. Mir Kozhi autumn 2026 catalogue. Products are normalized to Russian product/category terms from catalogue evidence or event category when per-company description is blank.,new,no email/domain/company match in read-only Twenty repeat index,,,,export@calzadospitillos.com,calzadospitillos.com,official_pdf_alphabetical_exhibitors,,not_attempted_pdf_contacts_present,https://www.obuv-expo.ru/common/img/uploaded/exhibitions/obuv_mir_kozhi/2026/doc/OBUV_Catalogo_10_26.pdf,Official PDF already exposes public email/website where available; no authenticated enrichment or Coldy access used.,export@calzadospitillos.com,first public email from official PDF
Обувь. Мир кожи 2026. Осень,13–15 октября 2026,RAGANELLA PRINCESS,"РАГАНЕЛА ПРИНЧЕС, ООО","РАГАНЕЛА ПРИНЧЕС, ООО",бижутерия и украшения,"Россия T: +7 (951) 660-5139 raganellaprincesss@gmail.com Each Raganella Princess piece is exclusive, handcrafted Italian jewelry. Natural stones, pearls, and Murano glass are used. Wholesale and retail sales available. Каждое изделие марки Raganella Princess – это эксклюзивная бижутерия ручной работы из Италии. Натуральные камни, жемчуг, муранское стекло. Оптовая и розничная торговля.",Москва,,1B01,Экспоцентр,обувь; сумки; кожгалантерея; аксессуары; изделия из кожи,"Каждое изделие марки Raganella Princess – это эксклюзивная бижутерия ручной работы из Италии. Натуральные камни, жемчуг, муранское стекло. Оптовая и розничная торговля.",RAGANELLA PRINCESS,,raganellaprincesss@gmail.com,,https://www.obuv-expo.ru/ru/exhibition/exhibitors/,https://www.obuv-expo.ru/common/img/uploaded/exhibitions/obuv_mir_kozhi/2026/doc/OBUV_Catalogo_10_26.pdf,12-20,obuv-mir-kozhi-autumn-2026-row-037,keep,"Official PDF row 37: RAGANELLA PRINCESS / РАГАНЕЛА ПРИНЧЕС, ООО; country=Россия T: +7 (951) 660-5139 raganellaprincesss@gmail.com Each Raganella Princess piece is exclusive, handcrafted Italian jewelry. Natural stones, pearls, and Murano glass are used. Wholesale and retail sales available. Каждое изделие марки Raganella Princess – это эксклюзивная бижутерия ручной работы из Италии. Натуральные камни, жемчуг, муранское стекло. Оптовая и розничная торговля.; stand=1B01; PDF=OBUV_Catalogo_10_26.pdf; source updated 01.10.2026",ok,website,2026-10-05T08:37:46Z,obuv-mir-kozhi-autumn-2026-official-pdf-signo-v1.0.2,ok,ok,Kept as Signo-relevant official exhibitor from the Moscow/Russian-market Obuv. Mir Kozhi autumn 2026 catalogue. Products are normalized to Russian product/category terms from catalogue evidence or event category when per-company description is blank.,new,no email/domain/company match in read-only Twenty repeat index,,,,raganellaprincesss@gmail.com,,official_pdf_alphabetical_exhibitors,,not_attempted_pdf_contacts_present,https://www.obuv-expo.ru/common/img/uploaded/exhibitions/obuv_mir_kozhi/2026/doc/OBUV_Catalogo_10_26.pdf,Official PDF already exposes public email/website where available; no authenticated enrichment or Coldy access used.,raganellaprincesss@gmail.com,first public email from official PDF
Обувь. Мир кожи 2026. Осень,13–15 октября 2026,RENATO ANGI,РЕНАТО АНЖИ,РЕНАТО АНЖИ,сумки и багаж; изделия из кожи и экокожи,Италия T: +39 3294413979 info@angivenezia.it Leather bags Кожаные сумки,Москва,,2C60,Экспоцентр,обувь; сумки; кожгалантерея; аксессуары; изделия из кожи,Кожаные сумки,RENATO ANGI,,info@angivenezia.it,,https://www.obuv-expo.ru/ru/exhibition/exhibitors/,https://www.obuv-expo.ru/common/img/uploaded/exhibitions/obuv_mir_kozhi/2026/doc/OBUV_Catalogo_10_26.pdf,12-20,obuv-mir-kozhi-autumn-2026-row-039,keep,Official PDF row 39: RENATO ANGI / РЕНАТО АНЖИ; country=Италия T: +39 3294413979 info@angivenezia.it Leather bags Кожаные сумки; stand=2C60; PDF=OBUV_Catalogo_10_26.pdf; source updated 01.10.2026,ok,website,2026-10-05T08:37:46Z,obuv-mir-kozhi-autumn-2026-official-pdf-signo-v1.0.2,ok,ok,Kept as Signo-relevant official exhibitor from the Moscow/Russian-market Obuv. Mir Kozhi autumn 2026 catalogue. Products are normalized to Russian product/category terms from catalogue evidence or event category when per-company description is blank.,new,no email/domain/company match in read-only Twenty repeat index,,,,info@angivenezia.it,angivenezia.it,official_pdf_alphabetical_exhibitors,,not_attempted_pdf_contacts_present,https://www.obuv-expo.ru/common/img/uploaded/exhibitions/obuv_mir_kozhi/2026/doc/OBUV_Catalogo_10_26.pdf,Official PDF already exposes public email/website where available; no authenticated enrichment or Coldy access used.,info@angivenezia.it,first public email from official PDF
Обувь. Мир кожи 2026. Осень,13–15 октября 2026,REPO + LA REPO,РЕПО + ЛА РЕПО,РЕПО + ЛА РЕПО,женская обувь; обувь; изделия из кожи и экокожи,Италия T: +39 0734900816 beatrice@repo-srl.com Manufacturing woman fashion style with leather upper Производство модной женской обуви с кожаным верхом,Москва,,2C42,Экспоцентр,обувь; сумки; кожгалантерея; аксессуары; изделия из кожи,Производство модной женской обуви с кожаным верхом,REPO + LA REPO,,beatrice@repo-srl.com,,https://www.obuv-expo.ru/ru/exhibition/exhibitors/,https://www.obuv-expo.ru/common/img/uploaded/exhibitions/obuv_mir_kozhi/2026/doc/OBUV_Catalogo_10_26.pdf,12-20,obuv-mir-kozhi-autumn-2026-row-040,keep,Official PDF row 40: REPO + LA REPO / РЕПО + ЛА РЕПО; country=Италия T: +39 0734900816 beatrice@repo-srl.com Manufacturing woman fashion style with leather upper Производство модной женской обуви с кожаным верхом; stand=2C42; PDF=OBUV_Catalogo_10_26.pdf; source updated 01.10.2026,ok,website,2026-10-05T08:37:46Z,obuv-mir-kozhi-autumn-2026-official-pdf-signo-v1.0.2,ok,ok,Kept as Signo-relevant official exhibitor from the Moscow/Russian-market Obuv. Mir Kozhi autumn 2026 catalogue. Products are normalized to Russian product/category terms from catalogue evidence or event category when per-company description is blank.,new,no email/domain/company match in read-only Twenty repeat index,,,,beatrice@repo-srl.com,repo-srl.com,official_pdf_alphabetical_exhibitors,,not_attempted_pdf_contacts_present,https://www.obuv-expo.ru/common/img/uploaded/exhibitions/obuv_mir_kozhi/2026/doc/OBUV_Catalogo_10_26.pdf,Official PDF already exposes public email/website where available; no authenticated enrichment or Coldy access used.,beatrice@repo-srl.com,first public email from official PDF
Обувь. Мир кожи 2026. Осень,13–15 октября 2026,ROBERTA GANDOLFI,РОБЕРТА ГАНДОЛЬФИ,РОБЕРТА ГАНДОЛЬФИ,сумки и багаж; аксессуары,"Италия T: +39 051703410 info@robertagandolfi.com Roberta Gandolfi is an Italian handbag brand born in Bologna, where craftsmanship and creativity meet. Since 1995, we have been designing distinctive accessories that blend refined materials, innovative details, and everyday functionality. Every piece reflects our passion for authentic Made in Italy quality and contemporary feminine style Фирма Роберта Г андольфи производит женские сумки и аксессуары, следуя самым изысканным тенденциям моды: продукция бренда создается в соответствии с лучшими традициями Сделано в Италии",Москва,,2D70,Экспоцентр,обувь; сумки; кожгалантерея; аксессуары; изделия из кожи,"Фирма Роберта Г андольфи производит женские сумки и аксессуары, следуя самым изысканным тенденциям моды: продукция бренда создается в соответствии с лучшими традициями Сделано в Италии",ROBERTA GANDOLFI,,info@robertagandolfi.com,,https://www.obuv-expo.ru/ru/exhibition/exhibitors/,https://www.obuv-expo.ru/common/img/uploaded/exhibitions/obuv_mir_kozhi/2026/doc/OBUV_Catalogo_10_26.pdf,12-20,obuv-mir-kozhi-autumn-2026-row-041,keep,"Official PDF row 41: ROBERTA GANDOLFI / РОБЕРТА ГАНДОЛЬФИ; country=Италия T: +39 051703410 info@robertagandolfi.com Roberta Gandolfi is an Italian handbag brand born in Bologna, where craftsmanship and creativity meet. Since 1995, we have been designing distinctive accessories that blend refined materials, innovative details, and everyday functionality. Every piece reflects our passion for authentic Made in Italy quality and contemporary feminine style Фирма Роберта Г андольфи производит женские сумки и аксессуары, следуя самым изысканным тенденциям моды: продукция бренда создается в соответствии с лучшими традициями Сделано в Италии; stand=2D70; PDF=OBUV_Catalogo_10_26.pdf; source updated 01.10.2026",ok,website,2026-10-05T08:37:46Z,obuv-mir-kozhi-autumn-2026-official-pdf-signo-v1.0.2,ok,ok,Kept as Signo-relevant official exhibitor from the Moscow/Russian-market Obuv. Mir Kozhi autumn 2026 catalogue. Products are normalized to Russian product/category terms from catalogue evidence or event category when per-company description is blank.,new,no email/domain/company match in read-only Twenty repeat index,,,,info@robertagandolfi.com,robertagandolfi.com,official_pdf_alphabetical_exhibitors,,not_attempted_pdf_contacts_present,https://www.obuv-expo.ru/common/img/uploaded/exhibitions/obuv_mir_kozhi/2026/doc/OBUV_Catalogo_10_26.pdf,Official PDF already exposes public email/website where available; no authenticated enrichment or Coldy access used.,info@robertagandolfi.com,first public email from official PDF
Обувь. Мир кожи 2026. Осень,13–15 октября 2026,SARA BURGLAR,САРА БУРГЛАР,САРА БУРГЛАР,сумки и багаж,"Италия T: +39 0733801491 info@saraburglar.it Manifacture of luggage, handbags and the like, saddlery and harness Производство чемоданов, дорожных сумок и сумок седло",Москва,,2D60,Экспоцентр,обувь; сумки; кожгалантерея; аксессуары; изделия из кожи,"Производство чемоданов, дорожных сумок и сумок седло",SARA BURGLAR,,info@saraburglar.it,,https://www.obuv-expo.ru/ru/exhibition/exhibitors/,https://www.obuv-expo.ru/common/img/uploaded/exhibitions/obuv_mir_kozhi/2026/doc/OBUV_Catalogo_10_26.pdf,12-20,obuv-mir-kozhi-autumn-2026-row-042,keep,"Official PDF row 42: SARA BURGLAR / САРА БУРГЛАР; country=Италия T: +39 0733801491 info@saraburglar.it Manifacture of luggage, handbags and the like, saddlery and harness Производство чемоданов, дорожных сумок и сумок седло; stand=2D60; PDF=OBUV_Catalogo_10_26.pdf; source updated 01.10.2026",ok,website,2026-10-05T08:37:46Z,obuv-mir-kozhi-autumn-2026-official-pdf-signo-v1.0.2,ok,ok,Kept as Signo-relevant official exhibitor from the Moscow/Russian-market Obuv. Mir Kozhi autumn 2026 catalogue. Products are normalized to Russian product/category terms from catalogue evidence or event category when per-company description is blank.,new,no email/domain/company match in read-only Twenty repeat index,,,,info@saraburglar.it,saraburglar.it,official_pdf_alphabetical_exhibitors,,not_attempted_pdf_contacts_present,https://www.obuv-expo.ru/common/img/uploaded/exhibitions/obuv_mir_kozhi/2026/doc/OBUV_Catalogo_10_26.pdf,Official PDF already exposes public email/website where available; no authenticated enrichment or Coldy access used.,info@saraburglar.it,first public email from official PDF
Обувь. Мир кожи 2026. Осень,13–15 октября 2026,SOLY ARZH,СОЛЯРЖ,СОЛЯРЖ,кошельки; аксессуары; бижутерия и украшения,"Россия T: +7 -999-330-36-65 marinasolyarzh@mail.ru https://solyarzh.ru/ The production of bags, bag keychains, wallets, jewelry, and other accessories made from natural leather. Изготовление сумок, обвесов, кошельков, украшений и других аксессуаров из натуральной кожи.",Москва,,1C02,Экспоцентр,обувь; сумки; кожгалантерея; аксессуары; изделия из кожи,"Изготовление сумок, обвесов, кошельков, украшений и других аксессуаров из натуральной кожи.",SOLY ARZH,https://solyarzh.ru/,marinasolyarzh@mail.ru,,https://www.obuv-expo.ru/ru/exhibition/exhibitors/,https://www.obuv-expo.ru/common/img/uploaded/exhibitions/obuv_mir_kozhi/2026/doc/OBUV_Catalogo_10_26.pdf,12-20,obuv-mir-kozhi-autumn-2026-row-044,keep,"Official PDF row 44: SOLY ARZH / СОЛЯРЖ; country=Россия T: +7 -999-330-36-65 marinasolyarzh@mail.ru https://solyarzh.ru/ The production of bags, bag keychains, wallets, jewelry, and other accessories made from natural leather. Изготовление сумок, обвесов, кошельков, украшений и других аксессуаров из натуральной кожи.; stand=1C02; PDF=OBUV_Catalogo_10_26.pdf; source updated 01.10.2026",ok,,2026-10-05T08:37:46Z,obuv-mir-kozhi-autumn-2026-official-pdf-signo-v1.0.2,ok,ok,Kept as Signo-relevant official exhibitor from the Moscow/Russian-market Obuv. Mir Kozhi autumn 2026 catalogue. Products are normalized to Russian product/category terms from catalogue evidence or event category when per-company description is blank.,new,no email/domain/company match in read-only Twenty repeat index,,,,marinasolyarzh@mail.ru,solyarzh.ru,official_pdf_alphabetical_exhibitors,,not_attempted_pdf_contacts_present,https://www.obuv-expo.ru/common/img/uploaded/exhibitions/obuv_mir_kozhi/2026/doc/OBUV_Catalogo_10_26.pdf,Official PDF already exposes public email/website where available; no authenticated enrichment or Coldy access used.,marinasolyarzh@mail.ru,first public email from official PDF
Обувь. Мир кожи 2026. Осень,13–15 октября 2026,STEP BORG,СТЕП БОРГ,СТЕП БОРГ,обувь; аксессуары; изделия из кожи и экокожи,"Россия T: +7-938-119-06-57 kantur-re@yandex.ru https://stepborg.ru/ A Russian factory producing leather footwear, bags, and accessories. Российская фабрика по производству кожаной обуви, сумок и аксессуаров",Москва,,1C05,Экспоцентр,обувь; сумки; кожгалантерея; аксессуары; изделия из кожи,"Российская фабрика по производству кожаной обуви, сумок и аксессуаров",STEP BORG,https://stepborg.ru/,kantur-re@yandex.ru,,https://www.obuv-expo.ru/ru/exhibition/exhibitors/,https://www.obuv-expo.ru/common/img/uploaded/exhibitions/obuv_mir_kozhi/2026/doc/OBUV_Catalogo_10_26.pdf,12-20,obuv-mir-kozhi-autumn-2026-row-045,keep,"Official PDF row 45: STEP BORG / СТЕП БОРГ; country=Россия T: +7-938-119-06-57 kantur-re@yandex.ru https://stepborg.ru/ A Russian factory producing leather footwear, bags, and accessories. Российская фабрика по производству кожаной обуви, сумок и аксессуаров; stand=1C05; PDF=OBUV_Catalogo_10_26.pdf; source updated 01.10.2026",ok,,2026-10-05T08:37:46Z,obuv-mir-kozhi-autumn-2026-official-pdf-signo-v1.0.2,ok,ok,Kept as Signo-relevant official exhibitor from the Moscow/Russian-market Obuv. Mir Kozhi autumn 2026 catalogue. Products are normalized to Russian product/category terms from catalogue evidence or event category when per-company description is blank.,new,no email/domain/company match in read-only Twenty repeat index,,,,kantur-re@yandex.ru,stepborg.ru,official_pdf_alphabetical_exhibitors,,not_attempted_pdf_contacts_present,https://www.obuv-expo.ru/common/img/uploaded/exhibitions/obuv_mir_kozhi/2026/doc/OBUV_Catalogo_10_26.pdf,Official PDF already exposes public email/website where available; no authenticated enrichment or Coldy access used.,kantur-re@yandex.ru,first public email from official PDF
Обувь. Мир кожи 2026. Осень,13–15 октября 2026,THIERRY RABOTIN,ТЬЕРРИ РАБОТИН,ТЬЕРРИ РАБОТИН,женская обувь; обувь,"Италия T: +39 0331495007 info@thierryrabotin.com Thierry Rabotin is a premier Italian brand known for exquisite women's footwear that combines fashion-forward design, comfort, and refined craftsmanship Тьерри Работин - ведущий итальянский бренд, известный изысканной женской обувью, в которой сочетаются ультрамодный дизайн, комфорт и высочайшее ремесленное мастерство",Москва,,2D35,Экспоцентр,обувь; сумки; кожгалантерея; аксессуары; изделия из кожи,"Тьерри Работин - ведущий итальянский бренд, известный изысканной женской обувью, в которой сочетаются ультрамодный дизайн, комфорт и высочайшее ремесленное мастерство",THIERRY RABOTIN,,info@thierryrabotin.com,,https://www.obuv-expo.ru/ru/exhibition/exhibitors/,https://www.obuv-expo.ru/common/img/uploaded/exhibitions/obuv_mir_kozhi/2026/doc/OBUV_Catalogo_10_26.pdf,12-20,obuv-mir-kozhi-autumn-2026-row-046,keep,"Official PDF row 46: THIERRY RABOTIN / ТЬЕРРИ РАБОТИН; country=Италия T: +39 0331495007 info@thierryrabotin.com Thierry Rabotin is a premier Italian brand known for exquisite women's footwear that combines fashion-forward design, comfort, and refined craftsmanship Тьерри Работин - ведущий итальянский бренд, известный изысканной женской обувью, в которой сочетаются ультрамодный дизайн, комфорт и высочайшее ремесленное мастерство; stand=2D35; PDF=OBUV_Catalogo_10_26.pdf; source updated 01.10.2026",ok,website,2026-10-05T08:37:46Z,obuv-mir-kozhi-autumn-2026-official-pdf-signo-v1.0.2,ok,ok,Kept as Signo-relevant official exhibitor from the Moscow/Russian-market Obuv. Mir Kozhi autumn 2026 catalogue. Products are normalized to Russian product/category terms from catalogue evidence or event category when per-company description is blank.,new,no email/domain/company match in read-only Twenty repeat index,,,,info@thierryrabotin.com,thierryrabotin.com,official_pdf_alphabetical_exhibitors,,not_attempted_pdf_contacts_present,https://www.obuv-expo.ru/common/img/uploaded/exhibitions/obuv_mir_kozhi/2026/doc/OBUV_Catalogo_10_26.pdf,Official PDF already exposes public email/website where available; no authenticated enrichment or Coldy access used.,info@thierryrabotin.com,first public email from official PDF
Обувь. Мир кожи 2026. Осень,13–15 октября 2026,V ALENTINO ORLANDI,ВАЛЕНТИНО ОРЛАНДИ,ВАЛЕНТИНО ОРЛАНДИ,сумки и багаж,"Италия T: +39 0733283090 F: +39 0733281737 info@valentinoorlandi.it For over 50 years, our company has crafted high-end women's handbags. Each piece is 100% Made in Italy reflecting traditional craftmanship combining timeless style, premium quality and authentic design У же более 50 лет наша фирма производит женские сумки высокого класса. Вся продукция - 100% Сделано в Италии, в соответствии с ремесленными традициями. Продукцию отличает неподвластный времени стиль, премиум качество и оригинальный дизайн",Москва,,2C54,Экспоцентр,обувь; сумки; кожгалантерея; аксессуары; изделия из кожи,"У же более 50 лет наша фирма производит женские сумки высокого класса. Вся продукция - 100% Сделано в Италии, в соответствии с ремесленными традициями. Продукцию отличает неподвластный времени стиль, премиум качество и оригинальный дизайн",V ALENTINO ORLANDI,,info@valentinoorlandi.it,,https://www.obuv-expo.ru/ru/exhibition/exhibitors/,https://www.obuv-expo.ru/common/img/uploaded/exhibitions/obuv_mir_kozhi/2026/doc/OBUV_Catalogo_10_26.pdf,12-20,obuv-mir-kozhi-autumn-2026-row-047,keep,"Official PDF row 47: V ALENTINO ORLANDI / ВАЛЕНТИНО ОРЛАНДИ; country=Италия T: +39 0733283090 F: +39 0733281737 info@valentinoorlandi.it For over 50 years, our company has crafted high-end women's handbags. Each piece is 100% Made in Italy reflecting traditional craftmanship combining timeless style, premium quality and authentic design У же более 50 лет наша фирма производит женские сумки высокого класса. Вся продукция - 100% Сделано в Италии, в соответствии с ремесленными традициями. Продукцию отличает неподвластный времени стиль, премиум качество и оригинальный дизайн; stand=2C54; PDF=OBUV_Catalogo_10_26.pdf; source updated 01.10.2026",ok,website,2026-10-05T08:37:46Z,obuv-mir-kozhi-autumn-2026-official-pdf-signo-v1.0.2,ok,ok,Kept as Signo-relevant official exhibitor from the Moscow/Russian-market Obuv. Mir Kozhi autumn 2026 catalogue. Products are normalized to Russian product/category terms from catalogue evidence or event category when per-company description is blank.,new,no email/domain/company match in read-only Twenty repeat index,,,,info@valentinoorlandi.it,valentinoorlandi.it,official_pdf_alphabetical_exhibitors,,not_attempted_pdf_contacts_present,https://www.obuv-expo.ru/common/img/uploaded/exhibitions/obuv_mir_kozhi/2026/doc/OBUV_Catalogo_10_26.pdf,Official PDF already exposes public email/website where available; no authenticated enrichment or Coldy access used.,info@valentinoorlandi.it,first public email from official PDF
Обувь. Мир кожи 2026. Осень,13–15 октября 2026,VITTORIO VIRGILI,ВИТТОРИО ВИРДЖИЛИ,ВИТТОРИО ВИРДЖИЛИ,обувь,"Италия T: +39 0734859434 info@vittoriovirgili.com Italian style, the best materials and a long tradition of craftsmanship. Vittorio Virgili, a brand that reflects the unmistakable style of the best Italian footwear Итальянский стиль, лучшие материалы и давние традиции ремесленного мастерства.Витторио Вирджилли - бренд, восплощающий неповторимый стиль лучшей итальянской обуви",Москва,,2D40,Экспоцентр,обувь; сумки; кожгалантерея; аксессуары; изделия из кожи,"Итальянский стиль, лучшие материалы и давние традиции ремесленного мастерства.Витторио Вирджилли - бренд, восплощающий неповторимый стиль лучшей итальянской обуви",VITTORIO VIRGILI,,info@vittoriovirgili.com,,https://www.obuv-expo.ru/ru/exhibition/exhibitors/,https://www.obuv-expo.ru/common/img/uploaded/exhibitions/obuv_mir_kozhi/2026/doc/OBUV_Catalogo_10_26.pdf,12-20,obuv-mir-kozhi-autumn-2026-row-048,keep,"Official PDF row 48: VITTORIO VIRGILI / ВИТТОРИО ВИРДЖИЛИ; country=Италия T: +39 0734859434 info@vittoriovirgili.com Italian style, the best materials and a long tradition of craftsmanship. Vittorio Virgili, a brand that reflects the unmistakable style of the best Italian footwear Итальянский стиль, лучшие материалы и давние традиции ремесленного мастерства.Витторио Вирджилли - бренд, восплощающий неповторимый стиль лучшей итальянской обуви; stand=2D40; PDF=OBUV_Catalogo_10_26.pdf; source updated 01.10.2026",ok,website,2026-10-05T08:37:46Z,obuv-mir-kozhi-autumn-2026-official-pdf-signo-v1.0.2,ok,ok,Kept as Signo-relevant official exhibitor from the Moscow/Russian-market Obuv. Mir Kozhi autumn 2026 catalogue. Products are normalized to Russian product/category terms from catalogue evidence or event category when per-company description is blank.,new,no email/domain/company match in read-only Twenty repeat index,,,,info@vittoriovirgili.com,vittoriovirgili.com,official_pdf_alphabetical_exhibitors,,not_attempted_pdf_contacts_present,https://www.obuv-expo.ru/common/img/uploaded/exhibitions/obuv_mir_kozhi/2026/doc/OBUV_Catalogo_10_26.pdf,Official PDF already exposes public email/website where available; no authenticated enrichment or Coldy access used.,info@vittoriovirgili.com,first public email from official PDF
Обувь. Мир кожи 2026. Осень,13–15 октября 2026,WENZHOU CANGO TRADING,ВЭНЬЧЖОУ КАНГО ТРЕЙДИНГ,ВЭНЬЧЖОУ КАНГО ТРЕЙДИНГ,спортивная и зимняя обувь,"Китай T: +86 15958708686 ashley@cangotrading.com Sport shoes for men, women and children Boots for women and children Snow boots for women and children Спортивная оубвь для мужчин, женщин и детей. Ботинки для женщин и детей. Сноубутсы для женщин и детей",Москва,,2B40,Экспоцентр,обувь; сумки; кожгалантерея; аксессуары; изделия из кожи,"Спортивная оубвь для мужчин, женщин и детей. Ботинки для женщин и детей. Сноубутсы для женщин и детей",WENZHOU CANGO TRADING,,ashley@cangotrading.com,,https://www.obuv-expo.ru/ru/exhibition/exhibitors/,https://www.obuv-expo.ru/common/img/uploaded/exhibitions/obuv_mir_kozhi/2026/doc/OBUV_Catalogo_10_26.pdf,12-20,obuv-mir-kozhi-autumn-2026-row-049,keep,"Official PDF row 49: WENZHOU CANGO TRADING / ВЭНЬЧЖОУ КАНГО ТРЕЙДИНГ; country=Китай T: +86 15958708686 ashley@cangotrading.com Sport shoes for men, women and children Boots for women and children Snow boots for women and children Спортивная оубвь для мужчин, женщин и детей. Ботинки для женщин и детей. Сноубутсы для женщин и детей; stand=2B40; PDF=OBUV_Catalogo_10_26.pdf; source updated 01.10.2026",ok,website,2026-10-05T08:37:46Z,obuv-mir-kozhi-autumn-2026-official-pdf-signo-v1.0.2,ok,ok,Kept as Signo-relevant official exhibitor from the Moscow/Russian-market Obuv. Mir Kozhi autumn 2026 catalogue. Products are normalized to Russian product/category terms from catalogue evidence or event category when per-company description is blank.,new,no email/domain/company match in read-only Twenty repeat index,,,,ashley@cangotrading.com,cangotrading.com,official_pdf_alphabetical_exhibitors,,not_attempted_pdf_contacts_present,https://www.obuv-expo.ru/common/img/uploaded/exhibitions/obuv_mir_kozhi/2026/doc/OBUV_Catalogo_10_26.pdf,Official PDF already exposes public email/website where available; no authenticated enrichment or Coldy access used.,ashley@cangotrading.com,first public email from official PDF
Обувь. Мир кожи 2026. Осень,13–15 октября 2026,WONDERS,ВОНДЕРС,ВОНДЕРС,женская обувь; мужская обувь; обувь,"Испания T: +34 965683911 F: +34 965685102 info@wonders.com Elegant, classy and trendy footwear for women&men, best quality and comfort! Fashionable styles for cozy life and self confidence! Spanish natural, breathable leather upper materials, branded soles and perfect fitting, unique technologies of flex&fly makes our footwear so loved by numerous ladies of different age! Элегантная, стильная и модная обувь для женщин и мужчин - воплощение высочайшего качества и комфорта! Модный стиль для уютной жизни и уверенности в себе! Испанские натуральные, дышащие материалы верха из натуральной кожи, фирменные подошвы и идеальная посадка, уникальные технологии для придания гибкости и легкости делают нашу обувь такой любимой многими женщинами разного возраста!",Москва,,2B82,Экспоцентр,обувь; сумки; кожгалантерея; аксессуары; изделия из кожи,"Элегантная, стильная и модная обувь для женщин и мужчин - воплощение высочайшего качества и комфорта! Модный стиль для уютной жизни и уверенности в себе! Испанские натуральные, дышащие материалы верха из натуральной кожи, фирменные подошвы и идеальная посадка, уникальные технологии для придания гибкости и легкости делают нашу обувь такой любимой многими женщинами разного возраста!",WONDERS,,info@wonders.com,,https://www.obuv-expo.ru/ru/exhibition/exhibitors/,https://www.obuv-expo.ru/common/img/uploaded/exhibitions/obuv_mir_kozhi/2026/doc/OBUV_Catalogo_10_26.pdf,12-20,obuv-mir-kozhi-autumn-2026-row-050,keep,"Official PDF row 50: WONDERS / ВОНДЕРС; country=Испания T: +34 965683911 F: +34 965685102 info@wonders.com Elegant, classy and trendy footwear for women&men, best quality and comfort! Fashionable styles for cozy life and self confidence! Spanish natural, breathable leather upper materials, branded soles and perfect fitting, unique technologies of flex&fly makes our footwear so loved by numerous ladies of different age! Элегантная, стильная и модная обувь для женщин и мужчин - воплощение высочайшего качества и комфорта! Модный стиль для уютной жизни и уверенности в себе! Испанские натуральные, дышащие материалы верха из натуральной кожи, фирменные подошвы и идеальная посадка, уникальные технологии для придания гибкости и легкости делают нашу обувь такой любимой многими женщинами разного возраста!; stand=2B82; PDF=OBUV_Catalogo_10_26.pdf; source updated 01.10.2026",ok,website,2026-10-05T08:37:46Z,obuv-mir-kozhi-autumn-2026-official-pdf-signo-v1.0.2,ok,ok,Kept as Signo-relevant official exhibitor from the Moscow/Russian-market Obuv. Mir Kozhi autumn 2026 catalogue. Products are normalized to Russian product/category terms from catalogue evidence or event category when per-company description is blank.,new,no email/domain/company match in read-only Twenty repeat index,,,,info@wonders.com,wonders.com,official_pdf_alphabetical_exhibitors,,not_attempted_pdf_contacts_present,https://www.obuv-expo.ru/common/img/uploaded/exhibitions/obuv_mir_kozhi/2026/doc/OBUV_Catalogo_10_26.pdf,Official PDF already exposes public email/website where available; no authenticated enrichment or Coldy access used.,info@wonders.com,first public email from official PDF
